Network,MAC,SSID,Frequency,Signal,Lat,Lon,Alt,Time
0,b2:6c:ac:a0:7b:55,magneto,52,-73,32.10467817424046,35.209813646365646,708.5120395177382,2017-12-03 08:40:55
1,d0:d4:12:65:19:a2,netbox,1,-96,32.1692751,34.81066887,38.0,2017-12-01 10:44:49
2,1c:b9:c4:16:28:fc,Ariel_University,36,-78,32.10237157071022,35.208901795363175,701.5495691438812,2017-12-03 08:41:37
3,20:0c:c8:2b:2a:14,nina,11,-67,32.16957548160595,34.81220664554721,32.250993180753355,2017-12-01 10:45:25
4,1c:b9:c4:14:2c:18,Ariel_University,1,-75,32.10240105789399,35.20914456439717,697.9423213346126,2017-12-03 08:41:37
5,c2:6c:ac:a0:7b:4d,outsense,11,-63,32.10469643191705,35.20996222094027,686.714705786159,2017-12-03 08:40:55
6,48:ee:0c:3c:30:1e,Gana7,5,-93,32.1708157,34.811372250000005,32.0,2017-12-01 10:50:45
7,74:da:38:14:4b:88,landau,11,-81,32.16988656182221,34.81232499172284,35.82031748972892,2017-12-01 10:45:32
8,ec:8c:a2:08:a9:2c,Ariel_University,44,-81,32.103766485175285,35.207831803580376,690.3776746163048,2017-12-03 08:37:52
9,00:f6:63:15:58:8e,KaymeraDev,36,-92,32.168823167573045,34.810544049627936,27.11526685223747,2017-12-01 10:44:57
10,1c:b9:c4:95:3d:57,,36,-82,32.1020008074778,35.20968340420071,700.0010789254476,2017-12-03 08:46:18
11,2a:56:5a:9e:2e:ce,DIRECT-ce-HP M426 LaserJet,6,-77,32.10273836386316,35.209856687440386,711.9071836194796,2017-12-03 09:09:40
12,c2:6c:ac:a0:7b:55,outsense,52,-73,32.10466943236545,35.20982459242701,701.9303296677489,2017-12-03 08:40:55
13,c4:12:f5:85:27:c2,varda,1,-80,32.17214980141583,34.81200783346023,36.65509558424961,2017-12-01 10:44:11
14,c4:12:f5:85:27:c1,varda_HD,60,-88,32.17226944,34.81201158,41.0,2017-12-01 10:50:21
15,ec:8c:a2:08:a9:38,Ariel_University,6,-81,32.10276968784859,35.20753617216169,695.1730814282531,2017-12-03 08:37:45
16,aa:6b:ad:04:c6:a8,DIRECT-a8-HP M477 LaserJet,1,-91,32.16881140989113,34.81059888828613,29.193003393285412,2017-12-01 10:57:01
17,24:79:2a:2c:5c:1c,Ariel_University,36,-76,32.10378130097071,35.21017070819859,708.3936871106467,2017-12-03 08:51:30
18,14:ae:db:c1:ad:7d,shweiger1,1,-84,32.17243758,34.81296682,47.0,2017-12-01 10:43:40
19,1c:b9:c4:16:28:ec,Ariel_University,36,-70,32.103676702735164,35.20903976068048,701.8543643264044,2017-12-03 08:45:39
20,28:80:23:40:5f:af,HP-Print-AF-Officejet Pro 6830,6,-70,32.17090872339603,34.81277218536468,36.670181188306564,2017-12-01 10:46:08
21,c0:ac:54:f7:27:42,HOTBOX-2E6E,11,-89,32.16986310021691,34.81091803775746,32.40766325260498,2017-12-01 10:44:41
22,1c:b9:c4:16:28:f8,Ariel_University,6,-73,32.10241507610913,35.20905194233031,689.86338807385,2017-12-03 08:37:39
23,80:1f:02:e8:b9:cc,Eldad_2EX,11,-81,32.17248989874156,34.81265196801648,37.18296530216304,2017-12-01 10:43:45
24,1c:b9:c4:16:cc:dc,Ariel_University,36,-90,32.1037453613347,35.208747637130664,692.9018041152,2017-12-03 08:41:16
25,90:6c:ac:a0:3d:eb,Guest,3,-73,32.103635443118556,35.20922846375579,699.731408946394,2017-12-03 08:40:52
26,e4:6f:13:71:f5:ce,RS_GUEST,9,-91,32.16912787857928,34.8113088692678,39.96197119402044,2017-12-01 10:45:23
27,b2:6c:ac:a0:18:29,restore,6,-81,32.10378713609749,35.20911580024807,687.9518351951255,2017-12-03 08:45:22
28,ec:8c:a2:08:a9:28,Ariel_University,11,-71,32.10361868733057,35.20781670936575,690.5070726021237,2017-12-03 08:37:58
29,ec:8c:a2:08:79:ac,Ariel_University,36,-83,32.104919099001776,35.211301549688564,693.8682117313016,2017-12-03 08:40:34
30,1c:b9:c4:92:90:b7,,40,-83,32.10307486333363,35.20912759493662,712.3984014019245,2017-12-03 08:45:51
31,b0:b2:8f:01:ad:fe,Lahav,11,-73,32.17239000302095,34.81347686517756,38.25737229739951,2017-12-01 10:49:51
32,c0:ff:d4:7b:82:30,Candan,1,-86,32.16883319058685,34.811195677752785,35.05172243263196,2017-12-01 10:44:59
33,3c:52:82:ef:a4:8b,DIRECT-8A-HP DeskJet 3630 series,6,-80,32.10373611474012,35.21011282681573,702.1087225816719,2017-12-03 08:42:26
34,d8:fb:5e:17:62:4d,HOTBOX12,1,-87,32.16988721999999,34.81091198,37.0,2017-12-01 10:44:40
35,00:f6:63:15:58:82,KaymeraGuest,1,-86,32.17097320760137,34.81144725503476,38.99324325348963,2017-12-01 10:44:52
36,00:f6:63:15:58:81,KaymeraDev,1,-78,32.16993822894027,34.81097987393324,32.39218563759591,2017-12-01 10:44:52
37,00:f6:63:15:58:80,kaymeraQA,1,-82,32.16872739,34.81060785,38.0,2017-12-01 10:44:59
38,24:79:2a:2c:5c:18,Ariel_University,11,-65,32.10393249739025,35.21049479300203,700.791979630686,2017-12-03 08:42:23
39,1c:b9:c4:16:28:e8,Ariel_University,1,-65,32.10363463136142,35.20878964672437,694.9518482483813,2017-12-03 08:46:03
40,84:16:f9:d7:2c:3a,TP-LINK_2C3A,1,-90,32.17094198600168,34.81148871152029,29.247534754719787,2017-12-01 10:44:22
41,08:97:58:32:69:c6,Volvo247,4,-81,32.172209259560766,34.814448298318844,15.376435938028054,2017-12-01 10:49:14
42,ec:8c:a2:09:8c:3c,Ariel_University,44,-88,32.10353355128237,35.20781291804855,690.5795129917332,2017-12-03 08:38:10
43,1c:b9:c4:95:1b:87,,58,-89,32.10204840896786,35.209305441513706,690.6637923310731,2017-12-03 08:41:47
44,e8:94:f6:d5:98:86,TP-LINK_D59886,9,-94,32.10225656,35.21001902,692.0,2017-12-03 08:46:27
45,c4:12:f5:f6:a0:18,lab_6.1.3,3,-72,32.102569418959924,35.20997179172782,695.1230382033555,2017-12-03 08:42:02
46,cc:b2:55:e8:4c:e6,INGENEO,6,-87,32.16956663585997,34.81090875786094,31.71543587628716,2017-12-01 10:43:57
47,1c:b9:c4:16:cc:d8,Ariel_University,1,-76,32.10414717948223,35.2090913835838,688.1186084789573,2017-12-03 08:41:07
48,ec:8c:a2:26:d2:c8,Ariel_University,11,-90,32.10463137629941,35.20888730350135,690.5715158623818,2017-12-03 08:38:49
49,06:c2:3e:e4:21:85,HTC,4,-86,32.168804792238255,34.81056729607254,27.612504685792526,2017-12-01 10:44:57
50,14:ae:db:b7:99:2d,Guymic,6,-78,32.17054111255363,34.81123607297317,36.53417458565793,2017-12-01 10:44:28
51,ec:8c:a2:09:93:b8,Ariel_University,11,-90,32.10297429619621,35.20769754582129,690.9460551220589,2017-12-03 08:37:45
52,a0:8c:fd:0a:d5:f5,DIRECT-F4-HP DeskJet 3630 series,6,-70,32.102132336203105,35.20919276011818,694.8823931209259,2017-12-03 08:41:44
53,d8:fb:5e:17:62:f5,HOTBOX-62EF,1,-80,32.17027117189879,34.81247278516464,35.73770467408465,2017-12-01 10:45:37
54,24:c9:a1:36:52:d8,Ariel_University,1,-90,32.10481856308317,35.210123150849206,726.1049342872047,2017-12-03 08:53:41
55,ec:8c:a2:08:79:a8,Ariel_University,6,-74,32.104697508718836,35.21075809840327,693.5155460311811,2017-12-03 08:43:02
56,fc:15:b4:65:09:20,HP-Print-20-Deskjet 4640 series,1,-83,32.16986520199462,34.81091750988955,32.80783563286452,2017-12-01 10:44:41
57,74:da:38:c6:57:9b,edimax.setup,9,-71,32.17027834,34.81274376,40.0,2017-12-01 10:58:50
58,d4:6e:0e:3c:44:e1,SIEMENS_LivingRoom,1,-77,32.170203204682736,34.81248447848132,34.90574762557573,2017-12-01 10:59:44
59,1c:b9:c4:16:2d:ec,Ariel_University,36,-85,32.10493191549645,35.21025667401683,692.7030958914264,2017-12-03 08:40:49
60,50:c7:bf:36:df:98,Gil-Up,2,-89,32.17230828,34.812041650000005,48.0,2017-12-01 10:43:58
61,ec:8c:a2:89:03:37,,44,-77,32.10309570760303,35.20769665213842,691.9218910832049,2017-12-03 08:37:33
62,ec:8c:a2:09:8c:38,Ariel_University,1,-80,32.10353355128237,35.20781291804855,690.5795129917332,2017-12-03 08:38:10
63,90:8d:78:54:22:a2,tal,1,-79,32.17108893672515,34.81316109032559,32.698788221002545,2017-12-01 10:58:26
64,70:5a:0f:b2:64:cd,DIRECT-CC-HP DeskJet 4670 series,6,-67,32.172498026384645,34.81268542857148,39.7451724570437,2017-12-01 10:46:29
65,90:8d:78:54:22:a1,tal2,60,-78,32.17109291186606,34.81311277221877,36.79893073333824,2017-12-01 10:58:26
66,80:1f:02:a3:7d:62,Gil Kitchen,6,-83,32.172263940921695,34.81206707740242,42.68390477699176,2017-12-01 10:44:10
67,1c:b9:c4:96:13:07,,44,-91,32.10332614802254,35.20866418715774,692.450654535831,2017-12-03 08:41:25
68,ec:8c:a2:26:b0:58,Ariel_University,6,-84,32.10332338509207,35.207786627479706,690.7687922307229,2017-12-03 08:37:58
69,1c:b9:c4:14:30:3c,Ariel_University,44,-76,32.10300622803126,35.20967895927524,703.2863981737233,2017-12-03 08:42:05
70,20:0c:c8:1b:a2:48,Mevohot_1,6,-70,32.17238485133309,34.81335251001789,36.14795188031762,2017-12-01 10:43:34
71,86:2a:a8:eb:a9:60,Mheta_AP,6,-90,32.16927107246911,34.81201044802282,27.219995052564958,2017-12-01 10:57:26
72,18:d6:c7:ad:25:1a,,13,-89,32.10494482726751,35.210446896260514,717.6172124232386,2017-12-03 08:49:48
73,24:79:2a:2b:24:9c,Ariel_University,36,-87,32.104065424799884,35.21056380796895,697.5076283965512,2017-12-03 08:42:32
74,7c:03:4c:ba:f5:5a,HOTBOX-1234,6,-75,32.17237924,34.81348839,36.0,2017-12-01 11:09:20
75,1c:b9:c4:16:2d:e8,Ariel_University,11,-77,32.10486306277337,35.21028998359501,688.4256590145966,2017-12-03 08:41:01
76,c0:ac:54:f8:6c:8a,amnon,6,-78,32.170617624970355,34.81359659071683,39.00748247630881,2017-12-01 10:58:11
77,1c:b9:c4:96:ee:97,,36,-85,32.102787238692414,35.20982667214985,710.1279737844644,2017-12-03 08:46:34
78,00:1a:2f:7f:6b:70,,13,-76,32.10555275971392,35.21020599182136,689.3608089551668,2017-12-03 08:38:58
79,06:ae:db:48:af:4d,BezeqFree,9,-90,32.17044470045137,34.81252477721117,38.06555615260613,2017-12-01 10:45:53
80,34:0b:01:19:21:42,afikim-wifi,7,-91,32.10253330333696,35.20726399020641,699.287760530489,2017-12-03 08:37:10
81,00:1a:dd:f4:ef:c5,Afikim_Wifi,1,-81,32.106089276564596,35.21106968179408,688.7624378298848,2017-12-03 08:39:10
82,1c:b9:c4:14:30:38,Ariel_University,1,-65,32.102885756877654,35.209709766366565,704.3767075383591,2017-12-03 08:42:05
83,00:1a:dd:f4:ef:c4,,1,-87,32.10614939016676,35.21138726608906,688.8993666020681,2017-12-03 08:39:13
84,b0:5a:da:fa:44:76,DIRECT-75-HP DeskJet 4670 series,6,-85,32.17127494398859,34.81300613220157,29.961117451398636,2017-12-01 10:58:26
85,ec:8c:a2:26:b0:e8,Ariel_University,6,-81,32.1035049012731,35.20887195851496,687.0872985291414,2017-12-03 08:41:10
86,1c:b9:c4:16:06:ec,Ariel_University,44,-83,32.10604981378468,35.21091908466633,688.7622466266455,2017-12-03 08:39:04
87,00:8c:54:90:ce:d1,victoria,11,-89,32.10251743683182,35.2073387273908,695.5775665899108,2017-12-03 08:37:24
88,cc:fa:00:ae:93:46,bezek freeee,6,-86,32.10263460161588,35.20757686137406,692.0341048029707,2017-12-03 08:37:36
89,24:79:2a:2b:24:98,Ariel_University,1,-81,32.1042508100708,35.21062416797126,694.7682635009743,2017-12-03 08:42:32
90,1c:b9:c4:95:41:77,,44,-77,32.104187618375015,35.21104817276238,703.0717526992013,2017-12-03 08:42:35
91,74:da:38:6c:89:7b,Hetz2,1,-83,32.17043936,34.81118089000001,29.000000000000004,2017-12-01 11:10:04
92,c0:ac:54:f8:0c:ac,G10,11,-94,32.17106538,34.81150977,30.0,2017-12-01 11:09:56
93,80:1f:02:d4:9a:92,Ben-Eliyahu_PC,10,-92,32.17230215,34.81400233,37.0,2017-12-01 11:01:23
94,1c:b9:c4:16:12:e8,Ariel_University,1,-90,32.10358120061592,35.208795327775384,702.3207686528216,2017-12-03 08:45:42
95,00:1a:dd:f5:e2:e5,Afikim_Wifi,8,-81,32.10477222514299,35.21012821479474,702.7538803082398,2017-12-03 08:45:18
96,1c:b9:c4:55:fd:e8,Ariel_University,11,-83,32.10516494024965,35.211473619123694,700.272025338492,2017-12-03 08:39:40
97,00:1a:dd:f5:e2:e4,,8,-88,32.10468231924794,35.2099254343313,710.2256059369854,2017-12-03 08:45:18
98,88:dc:96:3b:f5:e0,kenley-up,6,-87,32.1724436905043,34.81206365704524,42.92341219500959,2017-12-01 11:04:51
99,a0:4f:d4:3b:e9:01,Lidor a,6,-84,32.102528187003614,35.20734570155965,700.1622738859833,2017-12-03 08:37:13
100,ec:8c:a2:08:7b:8c,Ariel_University,40,-68,32.10367906044159,35.20782822405939,690.5042269400623,2017-12-03 08:37:58
101,00:1a:dd:f4:ef:04,PEPWAVE_9481,1,-76,32.105962572338896,35.21055153552892,688.6825017110157,2017-12-03 08:39:04
102,1c:b9:c4:16:06:e8,Ariel_University,11,-84,32.10584273376777,35.210210781863445,688.5965322405589,2017-12-03 08:39:01
103,1c:b9:c4:14:30:0c,Ariel_University,36,-85,32.105062148949855,35.21071549460977,692.6868607099874,2017-12-03 08:40:43
104,c8:d7:19:da:03:16,forestisthebest,6,-54,32.169267321373766,34.81068516804228,32.86412969283415,2017-12-01 10:44:52
105,74:da:38:a9:24:1c,edimax_5G_A9241C,40,-79,32.169371305797284,34.81071844021891,30.53126680550348,2017-12-01 10:52:43
106,70:5a:0f:57:42:43,DIRECT-42-HP DeskJet 3830 series,11,-75,32.10447804,35.20959776,687.0,2017-12-03 08:45:19
107,86:2a:a8:a1:a0:b5,Rozenkrants,1,-89,32.1699449632106,34.81096823595285,41.15224303065266,2017-12-01 11:05:24
108,ec:8c:a2:88:7a:17,,44,-71,32.10375939005184,35.207824304039484,690.4413487921157,2017-12-03 08:37:58
109,08:ea:44:74:4b:d5,Nehalem_ISR,1,-92,32.16958729,34.81218021,40.0,2017-12-01 10:45:26
110,f4:f2:6d:5e:d0:48,alfa,11,-96,32.17206721000001,34.81192728,32.0,2017-12-01 11:09:44
111,e4:d3:f1:9a:81:60,rdk,13,-85,32.17052489858892,34.81124370029035,28.48330590693121,2017-12-01 10:44:30
112,00:1a:dd:e3:06:e4,afikim-wifi,1,-53,32.10252980308147,35.207319891687696,699.8860444903256,2017-12-03 08:37:13
113,c0:ac:54:f6:ae:5e,HOTBOX111,11,-77,32.16875525343879,34.81129910090613,26.895184619901016,2017-12-01 10:57:11
114,14:ae:db:48:af:4d,InnovationEndeavors-guest,9,-91,32.170057133113836,34.81237055794914,35.28990199430505,2017-12-01 11:06:12
115,a0:8e:78:7f:2a:69,HOTBOX12,1,-87,32.16983611,34.81088834,28.0,2017-12-01 10:51:01
116,74:da:38:97:66:9d,oved-main_2EX,6,-77,32.169859798228515,34.81090683931405,29.207255553480927,2017-12-01 10:51:01
117,60:e3:27:e8:41:e8,Mevohot_3,11,-80,32.172370483891484,34.813458476296,41.71240397675681,2017-12-01 10:43:37
118,ec:8c:a2:08:7b:88,Ariel_University,1,-77,32.10395115783471,35.20786377093516,690.3267397654319,2017-12-03 08:38:16
119,1c:b9:c4:15:23:5c,Ariel_University,36,-91,32.104079300627305,35.20894493919268,693.2106002961864,2017-12-03 08:41:10
120,c4:12:f5:82:92:78,David,9,-96,32.17063751,34.81125367,31.000000000000004,2017-12-01 11:05:15
121,b4:ee:b4:a7:81:5c,HOTBOX-8156,1,-89,32.16943847279302,34.81210568326504,32.780742151943365,2017-12-01 10:45:32
122,ec:8c:a2:26:ae:28,Ariel_University,11,-88,32.103254567862166,35.20776621667453,690.8153989055744,2017-12-03 08:37:55
123,1c:b9:c4:14:30:08,Ariel_University,1,-81,32.10501114734996,35.21068038303642,697.5475606772844,2017-12-03 08:40:43
124,1c:b9:c4:16:f4:7c,Ariel_University,36,-78,32.10277814146097,35.20845205276918,693.9085412478385,2017-12-03 08:37:33
125,1c:b9:c4:96:04:77,,60,-86,32.10204989920807,35.20981699968768,691.9252951056195,2017-12-03 08:41:53
126,74:da:38:a9:24:17,edimax_2.4G_A92417,3,-75,32.16930328971546,34.81071393258221,27.829380028037306,2017-12-01 10:44:49
127,1c:b9:c4:16:06:bc,Ariel_University,48,-67,32.10392865889491,35.21048615211182,703.6163055215658,2017-12-03 08:42:23
128,52:b0:ce:ac:32:98,Bezeq Free GA32E3,1,-62,32.17236046540753,34.813677647672236,33.50765496800569,2017-12-01 10:43:29
129,60:e3:27:bf:a1:a5,BARON WIFI 2.4,11,-91,32.16872739,34.810607850000004,38.0,2017-12-01 10:44:59
130,a0:ab:1b:60:b4:ca,036518749,8,-79,32.102288250488655,35.20921036829866,691.1533534106347,2017-12-03 08:41:53
131,08:ed:b9:3d:8f:4b,HP-Print-4b-LaserJet 400,6,-89,32.1049280958924,35.21028241262848,722.9373547253996,2017-12-03 08:45:06
132,1c:b9:c4:12:7c:cc,Ariel_University,36,-81,32.10302115000104,35.20881390421667,691.9923582374438,2017-12-03 08:41:25
133,34:8f:27:20:8c:18,Ariel_University,6,-86,32.103033451903755,35.208771914520874,689.5814392730355,2017-12-03 08:41:28
134,30:b5:c2:6e:12:d4,HOTBOX1234,1,-88,32.1724962,34.81260015,47.0,2017-12-01 10:43:46
135,1c:b9:c4:15:23:58,Ariel_University,6,-78,32.103985782081914,35.20906764882005,689.1863518377514,2017-12-03 08:45:30
136,e0:ce:c3:8c:c1:94,HOTBOX-C18E,1,-93,32.16968439,34.8121884,31.0,2017-12-01 11:10:50
137,08:97:58:32:d2:98,NIPPON_3687,2,-79,32.17251952583464,34.81244819705009,35.373543021017,2017-12-01 10:50:15
138,3c:52:82:ef:d4:56,DIRECT-55-HP DeskJet 3630 series,6,-73,32.10218764306504,35.2092902710175,694.1649424257093,2017-12-03 08:41:44
139,1c:b9:c4:96:2b:e7,,36,-89,32.10500618141325,35.21121884301277,710.7756189683926,2017-12-03 08:49:18
140,1c:b9:c4:16:f4:78,Ariel_University,1,-71,32.102600953943416,35.20903622540281,694.6709443162423,2017-12-03 08:37:45
141,3c:52:82:ef:d4:52,DIRECT-51-HP DeskJet 3630 series,6,-72,32.10360702437692,35.20990817770251,700.2261390612398,2017-12-03 08:42:14
142,1c:b9:c4:16:06:b8,Ariel_University,11,-63,32.10376523265133,35.21013385764913,706.4640384428121,2017-12-03 08:42:20
143,1c:b9:c4:94:33:c7,,48,-83,32.10296085254736,35.20883419348608,714.3703447936506,2017-12-03 08:45:57
144,1c:b9:c4:15:34:bc,Ariel_University,36,-90,32.1049280958924,35.21028241262848,722.9373547253995,2017-12-03 08:45:06
145,40:b0:34:62:33:a6,DIRECT-A5-HP DeskJet 3700 series,6,-87,32.1695048,34.81211179,27.0,2017-12-01 11:06:09
146,d0:0f:6d:f1:35:2f,Sveta,4,-85,32.10251814263996,35.20734901460897,698.9056862429084,2017-12-03 08:37:15
147,1c:b9:c4:12:7c:c8,Ariel_University,11,-65,32.10319122388123,35.208750387168315,696.874281740112,2017-12-03 08:45:57
148,ec:8c:a2:09:0c:cc,Ariel_University,44,-80,32.10321891949164,35.2077603995489,690.8382411765818,2017-12-03 08:37:55
149,24:79:2a:ab:bd:87,,44,-84,32.103769419868925,35.2101330483191,705.7046609192458,2017-12-03 08:42:20
150,e4:6f:13:73:0a:c2,simon,8,-79,32.16878342960012,34.81057978844115,30.03072298588935,2017-12-01 10:44:57
151,ec:8c:a2:88:94:17,,44,-72,32.10304417934987,35.20875733458957,700.4360586099152,2017-12-03 08:37:21
152,1c:b9:c4:15:36:9c,Ariel_University,36,-82,32.105191757257465,35.2112199723324,703.6200349313401,2017-12-03 08:44:54
153,a0:ab:1b:62:0d:fc,klaiman,2,-78,32.169905227069385,34.812317922643345,31.520675953847526,2017-12-01 10:45:37
154,00:21:63:4d:73:31,Astra,6,-86,32.16987167125199,34.81230085093053,34.20075967182825,2017-12-01 10:45:29
155,00:78:9e:f9:e8:58,Hotbox,11,-91,32.1725225188478,34.81247911919242,31.651323099309952,2017-12-01 10:50:11
156,e8:94:f6:e2:6e:4b,frank,6,-65,32.17024183975294,34.81264169614259,32.2559721002593,2017-12-01 10:58:50
157,74:da:38:d3:bb:81,edimax_2.4G_ruty,2,-80,32.16917019230133,34.8106650271149,28.773555043061783,2017-12-01 10:55:56
158,c0:a0:bb:cb:59:5b,BezeqNGN_001489_2.4GHz_1,1,-68,32.16932023989524,34.8106989028732,33.355857602281176,2017-12-01 10:44:49
159,1c:b9:c4:14:2b:8c,Ariel_University,44,-82,32.10335521655588,35.20971207428639,708.5674685936432,2017-12-03 08:46:43
160,1c:b9:c4:16:e8:fc,Ariel_University,36,-80,32.10415575294136,35.21103695836558,696.100390839485,2017-12-03 08:42:41
161,00:27:22:f3:e0:83,,1,-88,32.10473074431384,35.20808401590763,689.6319853475801,2017-12-03 08:38:28
162,1c:b9:c4:15:34:b8,Ariel_University,6,-92,32.10493191549645,35.21025667401684,692.7030958914264,2017-12-03 08:40:49
163,14:ae:db:58:0d:6d,__ery,11,-91,32.10258798763252,35.20759021123835,693.1085203108704,2017-12-03 08:37:33
164,48:ee:0c:3d:eb:b8,Km,9,-85,32.172257939520144,34.81441454466233,40.08129430873258,2017-12-01 11:07:18
165,1c:b9:c4:94:2c:37,,52,-74,32.102707162528866,35.2098670745675,702.3545011719497,2017-12-03 08:55:05
166,ec:8c:a2:09:0c:c8,Ariel_University,1,-86,32.10342051137385,35.20780552775216,690.6874448611455,2017-12-03 08:38:04
167,00:25:86:b1:6f:f8,A-Home,6,-81,32.168711537894524,34.8107806266728,38.32878387583535,2017-12-01 10:45:01
168,00:12:2a:d2:0c:38,test012,1,-87,32.171058088079995,34.81351327456397,34.496924586821805,2017-12-01 10:58:20
169,34:36:3b:c2:be:b8,Home,11,-91,32.16923806,34.81066982,25.000000000000004,2017-12-01 10:55:46
170,1c:b9:c4:15:36:98,Ariel_University,1,-81,32.10515114555407,35.21116457683499,700.3504652541378,2017-12-03 08:44:54
171,fc:3f:db:9c:36:3d,DIRECT-5C-HP DeskJet 3630 series,6,-79,32.102061731761594,35.20947285980674,700.4320999806324,2017-12-03 08:46:13
172,00:24:2b:cf:13:21,stephane,1,-64,32.170210435825304,34.81109193815903,37.126482555376896,2017-12-01 10:50:53
173,1c:b9:c4:16:d2:8c,Ariel_University,44,-83,32.10317369693486,35.20877703070357,696.6075178730147,2017-12-03 08:46:07
174,e0:10:7f:1a:bd:98,Ariel_University,6,-88,32.10376364999999,35.20883622,686.0,2017-12-03 08:54:09
175,90:6c:ac:a0:7b:4d,EVE,11,-64,32.10465920494747,35.20986989080254,688.0866324804168,2017-12-03 08:39:04
176,24:79:2a:2b:02:78,Ariel_University,6,-80,32.10381301,35.21016707,708.0,2017-12-03 09:06:35
177,10:be:f5:3f:b2:ce,bait,10,-92,32.169763446202566,34.8108743705056,34.615118181840145,2017-12-01 10:51:01
178,1c:b9:c4:14:2b:88,Ariel_University,11,-72,32.103272221244204,35.20981939261816,700.1271818717846,2017-12-03 08:42:14
179,30:e1:71:0f:b2:6a,DIRECT-69-HP DeskJet 3630 series,6,-93,32.10497523,35.211184470000006,698.0,2017-12-03 08:49:32
180,1c:b9:c4:16:e8:f8,Ariel_University,11,-68,32.1042028604067,35.21124372645737,694.0937616126001,2017-12-03 08:47:10
181,a0:8c:fd:8c:79:6f,DIRECT-6E-HP DeskJet 3630 series,6,-86,32.104510237697276,35.20956264842609,690.9289640836059,2017-12-03 08:41:01
182,1c:b9:c4:95:fd:47,,36,-87,32.103619948500814,35.20963093221831,704.2097288075635,2017-12-03 08:46:49
183,18:cc:23:00:18:45,gononsmarthome,3,-89,32.170434860373376,34.81119072874409,35.16075161434658,2017-12-01 11:05:18
184,90:6c:ac:a0:7b:55,EVE,52,-73,32.10467787135877,35.209813449304924,708.6936298682328,2017-12-03 08:40:55
185,3c:1e:04:07:2a:ff,ronkla2_5,48,-85,32.17135803478369,34.811688744085025,31.090525572576983,2017-12-01 10:50:35
186,1c:b9:c4:95:3a:37,,44,-80,32.10222853792815,35.209685326560745,702.329637710439,2017-12-03 08:41:47
187,74:da:38:14:1f:8d,sellahome_2EX,9,-82,32.17241727,34.81315388,44.0,2017-12-01 10:43:37
188,48:ee:0c:39:f9:15,Ronizyc1,5,-85,32.169526477292365,34.810772077039324,22.999999999999996,2017-12-01 10:51:07
189,3c:1e:04:07:2a:fe,ronkla2,6,-80,32.17134387611023,34.8116686534985,41.11423605499236,2017-12-01 11:05:06
190,1c:b9:c4:15:42:6c,Ariel_University,48,-86,32.105382326454894,35.210379922222494,690.5953548222516,2017-12-03 08:38:58
191,f8:d1:11:ce:e5:e6,TP-LINK-BET,4,-96,32.17106538,34.81150977,30.000000000000004,2017-12-01 11:09:56
192,1c:b9:c4:16:f4:2c,Ariel_University,44,-87,32.102549587273124,35.2091604142487,702.9046279093495,2017-12-03 08:45:54
193,8c:0c:90:6f:36:58,,1,-74,32.104693402038414,35.20992463410953,706.1602376340918,2017-12-03 08:45:13
194,1c:b9:c4:16:d2:88,Ariel_University,11,-77,32.102995759322404,35.20914065741364,692.6951635727962,2017-12-03 08:46:03
195,e8:cc:18:ac:1a:52,Daizad,7,-72,32.17035534379865,34.81357135493597,33.572588454452514,2017-12-01 10:58:08
196,62:be:f5:40:26:83,BezeqFree,10,-96,32.16935676,34.81068889,29.000000000000004,2017-12-01 10:55:10
197,8c:0c:90:2d:34:38,Ariel_University,11,-75,32.10407820371239,35.21069042172931,696.4326713867214,2017-12-03 08:42:29
198,42501_7211_3084804,Partner,0,-69,32.10290377218029,35.20855989226868,706.5755769628722,2017-12-03 08:42:11
199,42501_7211_3084803,Partner,0,-71,32.10269509497186,35.20934913454142,709.9968667112142,2017-12-03 08:46:07
200,00:27:19:13:fc:a4,KCG_20,11,-85,32.10520095441039,35.21181344655401,694.5187617004623,2017-12-03 08:47:20
201,42501_10072_470802,Partner,0,-63,32.1029778543201,35.2096640639858,712.0865222424825,2017-12-03 09:10:06
202,42501_7211_3084801,Partner,0,-65,32.10428433849502,35.21131704971074,702.5972881355316,2017-12-03 08:47:16
203,00:24:01:18:99:57,dlink,6,-67,32.17010132675571,34.813514176763185,29.07004588283799,2017-12-01 10:58:02
204,06:ae:db:ba:1e:85,BezeqFree,11,-76,32.17242259345708,34.81307344356245,43.80911080489584,2017-12-01 10:43:40
205,58:70:c6:00:d0:f1,YICarCam_00d0f1,6,-84,32.10577582600903,35.20997089589932,688.5217353450139,2017-12-03 08:39:04
206,90:6c:ac:a0:60:4d,Guest,1,-69,32.104634867090844,35.20981314716523,688.5539683517185,2017-12-03 08:40:58
207,8c:0c:90:2d:75:e8,Ariel_University,1,-76,32.10281193491753,35.20880493237592,690.7735380844584,2017-12-03 08:41:31
208,1c:b9:c4:15:42:68,Ariel_University,11,-79,32.104963555735786,35.21088162250379,691.3787173466013,2017-12-03 08:39:01
209,34:8f:27:20:89:bc,Ariel_University,44,-87,32.104466966368285,35.20942986183025,692.9030486088649,2017-12-03 08:41:01
210,d8:fb:5e:17:47:f8,sellahome,9,-73,32.172403237419985,34.81332463790965,34.08560221330526,2017-12-01 10:46:13
211,d8:5d:4c:d1:4d:b0,Yotam _ work _ room,9,-68,32.17106811300088,34.81331975378659,33.91672107658706,2017-12-01 10:58:23
212,1c:b9:c4:16:f4:28,Ariel_University,11,-75,32.10228287268216,35.20899600648926,690.1382610146411,2017-12-03 08:41:44
213,90:6c:ac:a0:60:55,Guest,36,-82,32.10461158312805,35.20977343862488,704.8742451598536,2017-12-03 08:45:16
214,c8:be:19:07:77:b9,Bezeq-N_0777b8,11,-88,32.10413712623305,35.21082446017363,704.7212452331758,2017-12-03 08:51:42
215,18:1e:78:86:03:15,HOTBOX-F028,1,-61,32.17051569712217,34.81357943076239,35.327251128099576,2017-12-01 10:58:11
216,00:1a:dd:f5:e9:25,Afikim-73925,1,-58,32.10595770553916,35.21055454606218,688.6715462468687,2017-12-03 08:39:07
217,00:1a:dd:f5:e9:24,PEPWAVE_C99D,1,-59,32.105460466409745,35.210257453794235,689.4884991272368,2017-12-03 08:39:01
218,1c:b9:c4:96:28:f7,,36,-82,32.10242248031378,35.208713632301006,704.2728646362713,2017-12-03 08:46:13
219,00:27:22:f3:a6:9a,,6,-85,32.105801846979396,35.21010479765049,688.5497026939918,2017-12-03 08:39:07
220,90:6c:ac:a0:18:29,Guest,6,-77,32.10350319405649,35.20927794257737,696.0844933060094,2017-12-03 08:45:21
221,a4:2b:b0:d4:55:38,motti-5ghz,40,-88,32.17074692999999,34.8126719,38.0,2017-12-01 10:59:35
222,14:ae:db:cb:05:f5,Mama,11,-90,32.102458386443125,35.20743113335047,694.8881937656644,2017-12-03 08:37:27
223,a4:2b:b0:d4:55:36,Motti11,6,-74,32.17083019843817,34.81291788135229,38.34061430133136,2017-12-01 10:46:05
224,00:26:5a:24:f4:f0,Yotam_Shir,8,-87,32.17109012804149,34.81334518613815,35.02406379183002,2017-12-01 10:58:23
225,d8:5d:4c:9e:69:22,AUC_4_2_24,1,-75,32.103458046961386,35.20976907283965,699.7464532146299,2017-12-03 08:42:14
226,1c:b9:c4:16:ed:3c,Ariel_University,44,-71,32.103103359781656,35.20970442424779,700.7244641224298,2017-12-03 08:42:17
227,1c:b9:c4:14:62:4c,Ariel_University,36,-74,32.10457102888188,35.209608501213296,692.8918490649098,2017-12-03 08:40:58
228,fc:b4:e6:d2:86:9e,Lahav,11,-81,32.17230692344676,34.81390382396507,46.72223219542287,2017-12-01 11:04:21
229,24:79:2a:2b:07:bc,Ariel_University,36,-85,32.10379232140412,35.21017583077082,705.6490288825248,2017-12-03 08:42:23
230,1c:b9:c4:15:1c:bc,Ariel_University,36,-84,32.103561223724995,35.20991871041551,711.9983938766568,2017-12-03 08:46:43
231,34:8f:27:20:89:b8,Ariel_University,6,-78,32.1040237527665,35.209169213395626,690.1201427849852,2017-12-03 08:41:01
232,1c:b9:c4:16:ed:48,Ariel_University,6,-81,32.103770006884766,35.21036628563937,698.6012804006431,2017-12-03 08:42:20
233,1c:b9:c4:96:28:e7,,36,-72,32.10370152119492,35.20906132475864,695.6720026679615,2017-12-03 08:41:19
234,f8:e7:1e:33:87:3c,"Police_Shomron ",36,-86,32.10578181130056,35.21207187967583,690.5323471428377,2017-12-03 08:39:28
235,1c:b9:c4:92:af:77,,40,-72,32.10303479239588,35.20966493989828,702.0211507394256,2017-12-03 08:42:11
236,1c:b9:c4:95:ec:37,,36,-78,32.10295665849834,35.20967619941622,704.4776645583325,2017-12-03 08:42:08
237,80:26:89:0d:4f:84,DIR-825-4f83,1,-57,32.172425499464964,34.81308302577648,30.355932584634004,2017-12-01 10:43:41
238,1c:b9:c4:96:cc:d7,,36,-89,32.10400629568038,35.20897410789561,716.4196812362658,2017-12-03 08:45:33
239,cc:16:7e:97:1d:92,KaymeraGuest,1,-95,32.16872739,34.81060785,38.0,2017-12-01 10:44:59
240,00:12:2a:39:2c:3c,netbox-550b,1,-86,32.10251814263996,35.20734901460897,698.9056862429085,2017-12-03 08:37:15
241,1c:b9:c4:14:2b:dc,Ariel_University,36,-69,32.10219525081265,35.20932084796206,696.1305426321584,2017-12-03 08:46:13
242,62:ab:1b:60:b4:cb,Bezeq Free,8,-78,32.10232914570125,35.20917362617691,695.2852768890443,2017-12-03 08:41:53
243,1c:b9:c4:16:ed:38,Ariel_University,6,-62,32.10298562197866,35.20971832906329,701.16961921085,2017-12-03 08:42:08
244,1c:b9:c4:14:62:48,Ariel_University,11,-69,32.10375691834044,35.209436542242386,696.8315528917884,2017-12-03 08:40:58
245,00:12:2a:35:c8:7c,Chakir,1,-86,32.17228483399432,34.814036899369874,30.590053830290667,2017-12-01 10:49:44
246,b0:b2:8f:1e:ea:68,HOTBOX-2E6E,11,-81,32.169457779876055,34.81076504710256,40.54230601717541,2017-12-01 11:05:30
247,24:79:2a:2b:07:b8,Ariel_University,11,-77,32.103903239236416,35.210478951982545,703.7622257264444,2017-12-03 08:42:23
248,74:da:38:b6:f6:c9,Jamcandown,4,-89,32.16917019230133,34.8106650271149,28.81036798134012,2017-12-01 10:55:50
249,c8:d7:19:d4:7c:75,forestisthebest-guest,6,-94,32.16936666,34.81070436,31.0,2017-12-01 10:52:13
250,ec:8c:a2:09:dd:4c,LRWN,44,-70,32.168846097297546,34.811787470063976,28.291098537554568,2017-12-01 10:45:13
251,10:0d:7f:80:17:80,ELDAD,11,-73,32.17247601858697,34.81278102390823,35.40667984727254,2017-12-01 10:43:45
252,1c:b9:c4:15:1c:b8,Ariel_University,1,-75,32.103493797562344,35.20959637606149,698.3793229552368,2017-12-03 08:42:20
253,c8:d7:19:d4:7c:73,forestisthebest,6,-93,32.16937301,34.81072683,27.0,2017-12-01 10:51:19
254,00:11:6b:2a:90:3c,Cartiheal,11,-73,32.10492080273792,35.20973323805968,703.1072222548489,2017-12-03 08:38:58
255,ec:8c:a2:89:8c:37,,44,-86,32.1037144083598,35.2078263595938,690.4758805974766,2017-12-03 08:38:13
256,a2:6c:ac:9f:fb:1f,Neuropplied,1,-69,32.1046632598153,35.20987986372186,695.4692734619164,2017-12-03 08:40:52
257,00:26:5a:69:94:e3,TUCHLER,6,-81,32.17026410624256,34.81249414920076,35.7260587224361,2017-12-01 10:45:32
258,70:4c:a5:20:be:18,SE-WiFi-Employees,1,-94,32.16898017,34.81188912,37.0,2017-12-01 10:45:16
259,f8:e7:1e:33:87:38,"Police_Shomron ",1,-86,32.10621148996375,35.211948387352535,689.2763252871639,2017-12-03 08:39:19
260,a2:6c:ac:9f:f1:c5,Guest,2,-76,32.104354426959866,35.20935854287351,703.3204883399741,2017-12-03 08:45:28
261,1c:b9:c4:14:2b:cc,Ariel_University,36,-79,32.10504392751344,35.21106960662548,702.0456994786932,2017-12-03 08:44:54
262,ec:8c:a2:08:78:3c,Ariel_University,40,-89,32.10317578496331,35.2077533608269,690.8658803245013,2017-12-03 08:37:52
263,a2:6c:ac:9f:fb:27,Neuropplied,36,-88,32.104892803076424,35.2092822465669,690.7444350267791,2017-12-03 08:38:52
264,14:ae:db:32:52:12,surikat,6,-89,32.10253330333696,35.207263990206414,699.2877605304891,2017-12-03 08:37:10
265,9c:d2:1e:04:e6:2c,HP-Print-2c-LaserJet 400 color,6,-91,32.10473133,35.21000489,687.0,2017-12-03 08:49:58
266,1c:b9:c4:15:25:4c,Ariel_University,44,-87,32.10474846,35.210059879999996,687.0,2017-12-03 08:45:10
267,00:25:86:cc:00:f8,AUC_54_R,5,-74,32.10365113349192,35.20818644933491,693.5284770660686,2017-12-03 08:37:10
268,1c:b9:c4:14:2b:d8,Ariel_University,1,-63,32.10239202360747,35.20934392884804,693.475057578939,2017-12-03 08:41:47
269,e0:ce:c3:23:12:30,HOTFiber arama,1,-76,32.16957574,34.81265851,32.0,2017-12-01 10:57:43
270,1c:b9:c4:95:43:e7,,36,-90,32.10199115789806,35.20958210879809,691.3292746776632,2017-12-03 08:41:50
271,24:79:2a:ac:5c:17,,36,-85,32.10388929717905,35.21034301554944,708.2183587569855,2017-12-03 08:51:36
272,ec:8c:a2:08:90:cc,Ariel_University,36,-87,32.10342051137385,35.20780552775216,690.6874448611455,2017-12-03 08:38:04
273,fc:75:16:2e:5a:47,My_Internet,10,-77,32.170971404341394,34.81349602075562,35.26908444064519,2017-12-01 10:58:20
274,d0:d4:12:64:05:12,shmulik,11,-80,32.17004926,34.81351135,36.0,2017-12-01 10:58:02
275,ec:8c:a2:09:dd:48,LRWN,11,-59,32.16883294525571,34.81173512739926,28.032528655911058,2017-12-01 10:57:19
276,1c:b9:c4:16:f1:98,Ariel_University,11,-72,32.10226044975744,35.209217779256754,690.5178260458032,2017-12-03 08:37:10
277,1c:b9:c4:96:2d:e7,,36,-83,32.10492987261436,35.21027044008996,708.8736268991172,2017-12-03 08:40:49
278,1c:b9:c4:15:ed:7c,Ariel_University,60,-83,32.10199115789806,35.20958210879809,691.3292746776632,2017-12-03 08:41:50
279,62:ee:0c:3d:eb:b9,BezeqFree,9,-88,32.17227827,34.81413625,45.0,2017-12-01 10:49:42
280,24:79:2a:2c:5b:dc,Ariel_University,36,-78,32.10414268624911,35.21002391316817,703.1484393235382,2017-12-03 08:41:01
281,c8:d3:ff:57:60:f5,DIRECT-F4-HP DeskJet 3830 series,1,-89,32.16879406132887,34.81060325892227,28.972295896499812,2017-12-01 10:44:57
282,18:d6:c7:fb:1c:0e,Oberyn Martell,8,-79,32.168894217248074,34.81086515430862,35.21775225309724,2017-12-01 10:44:56
283,1c:b9:c4:14:2b:c8,Ariel_University,6,-69,32.10502885148235,35.211094341163104,701.1902729947728,2017-12-03 08:44:54
284,ec:8c:a2:08:78:38,Ariel_University,1,-81,32.103323385092075,35.20778662747971,690.7687922307229,2017-12-03 08:37:58
285,14:cc:20:76:b8:2a,Oded,11,-65,32.170805752167134,34.81271032096307,38.828725951240266,2017-12-01 10:46:08
286,00:11:6b:11:7e:0c,yosh,1,-84,32.104851146952186,35.21075609991615,692.421429756543,2017-12-03 08:47:29
287,1c:b9:c4:94:30:37,,44,-79,32.10294316584987,35.209696207003546,702.0732256994395,2017-12-03 09:03:58
288,ec:8c:a2:08:78:cc,Ariel_University,48,-74,32.10325834369087,35.20905902154405,709.3871693037955,2017-12-03 08:46:03
289,1c:b9:c4:15:1e:6c,Ariel_University,36,-83,32.10246428312993,35.20977033670824,700.2359885477575,2017-12-03 08:42:08
290,14:ae:db:b0:67:dd,DR_SHOHER_1,6,-94,32.16994827,34.81233913,41.0,2017-12-01 10:45:32
291,c0:bd:d1:d5:8c:55,AndroidAP,6,-80,32.10312597,35.209215779999994,696.5,2017-12-03 08:58:43
292,64:d9:54:e4:95:37,Gana7_2GExt,5,-88,32.17071181970333,34.81133629425737,31.229006218199256,2017-12-01 10:50:45
293,1c:b9:c4:15:25:48,Ariel_University,1,-72,32.10470344600343,35.20994777259496,694.9920191800684,2017-12-03 08:41:01
294,e0:ce:c3:86:a7:9e,Talfamily,1,-80,32.16889805537721,34.81183319930766,27.057519941460445,2017-12-01 10:57:19
295,10:be:f5:39:8f:f2,LARISA,3,-86,32.10251814263996,35.20734901460897,698.9056862429085,2017-12-03 08:37:15
296,48:ee:0c:3b:fa:1e,Florida_Israel1,1,-94,32.17012573,34.81242227,44.0,2017-12-01 10:45:35
297,ec:8c:a2:08:90:c8,Ariel_University,11,-78,32.1036008123458,35.20781952974852,690.5542770521721,2017-12-03 08:38:13
298,1c:b9:c4:15:ed:78,Ariel_University,6,-74,32.10229387573215,35.20954708309181,698.7373783214325,2017-12-03 08:41:53
299,62:19:8f:46:9f:bf,Bezeq Free,6,-94,32.17010132675571,34.813514176763185,29.07004588283799,2017-12-01 10:58:02
300,7c:b7:33:ea:b8:ff,yotam17,10,-93,32.17110218,34.81293682,39.00000000000001,2017-12-01 10:58:29
301,1c:b9:c4:15:44:8c,Ariel_University,36,-87,32.10473150718274,35.211193917522,695.551073827083,2017-12-03 08:40:40
302,00:18:25:12:72:f0,Coolnet-Hotspot,7,-92,32.102838751582816,35.209782211668895,708.2738390199129,2017-12-03 09:04:45
303,a4:2b:b0:e0:3a:01,Fuck Off ext,11,-80,32.16927107246911,34.81201044802282,27.21999505256496,2017-12-01 10:57:26
304,a0:4f:d4:45:1f:a1,nurit,1,-74,32.17108199384816,34.81320480859252,36.0048114491769,2017-12-01 10:58:26
305,24:79:2a:2c:5b:d8,Ariel_University,1,-78,32.10432051983614,35.209717596550576,694.8403453221192,2017-12-03 08:41:01
306,62:ee:0c:39:f9:16,BezeqFree,5,-84,32.16948277129625,34.810759093166375,29.21595771457337,2017-12-01 10:44:46
307,ec:8c:a2:0a:08:b8,Ariel_University,6,-89,32.10371440835981,35.2078263595938,690.4758805974767,2017-12-03 08:38:13
308,ec:8c:a2:08:78:c8,Ariel_University,6,-75,32.10269385685647,35.20937179744185,692.8498946416015,2017-12-03 08:46:00
309,c4:04:15:64:e8:cc,Gillad-1_2.4,11,-77,32.17053537,34.81259485,37.0,2017-12-01 11:00:40
310,1c:b9:c4:15:1e:68,Ariel_University,1,-80,32.10227692661447,35.209666283821875,690.746690972673,2017-12-03 08:42:02
311,1c:b9:c4:96:06:e7,,44,-89,32.106129976640474,35.21159973010257,689.0436342811676,2017-12-03 08:39:22
312,00:78:9e:fa:b2:d0,Avisky,11,-91,32.16871788,34.811185,29.0,2017-12-01 11:10:32
313,8c:0c:90:2e:e8:18,Ariel_University,6,-60,32.104126557683216,35.210846850895265,699.4895280437836,2017-12-03 08:42:29
314,04:a1:51:e0:5f:ee,MNP_HOME_2.4GHz_1,6,-81,32.17105773177454,34.81351363857503,34.70142598596413,2017-12-01 10:58:20
315,ec:8c:a2:09:86:d8,Ariel_University,6,-92,32.103323385092075,35.20778662747971,690.7687922307229,2017-12-03 08:37:58
316,1c:b9:c4:16:f1:5c,Ariel_University,52,-75,32.10322940758134,35.20974453151273,704.9425256801429,2017-12-03 08:51:21
317,c0:4a:00:f7:00:c1,Vision Public,10,-89,32.16872739,34.81060785,38.0,2017-12-01 10:44:59
318,c4:12:f5:fb:c0:3e,mika1,1,-77,32.171253585277086,34.81164527934201,30.391263421940565,2017-12-01 10:44:14
319,74:da:38:b6:f3:7a,Floor 2,2,-94,32.17146616,34.81290244,38.0,2017-12-01 11:11:14
320,1c:b9:c4:15:44:88,Ariel_University,6,-72,32.10450080830124,35.21136403044087,695.6817187205501,2017-12-03 08:40:49
321,f8:a9:d0:66:06:4d,Orange G2_4113,6,-81,32.10572050842588,35.2097599664662,688.5550300637956,2017-12-03 08:38:58
322,ec:8c:a2:88:a9:37,,36,-81,32.103254567862166,35.20776621667453,690.8153989055744,2017-12-03 08:37:55
323,84:16:f9:e4:e3:ca,TP-LINK_E3CA,9,-77,32.170273120737065,34.812762736226475,34.716696766506864,2017-12-01 10:58:50
324,00:27:19:e3:2d:fe,AUC_51_3,1,-86,32.10253330333696,35.20726399020641,699.287760530489,2017-12-03 08:37:10
325,1c:b9:c4:15:ed:4c,Ariel_University,44,-88,32.10486748595459,35.21138014652286,690.8633013150281,2017-12-03 08:40:34
326,02:21:5c:af:69:82,DIRECT-IRDESKTOP-ETE41T5msTU,36,-90,32.10262449933767,35.20987440650552,707.9141706050168,2017-12-03 09:04:24
327,92:cd:b6:2b:e9:77,HP-Setup>77-M277 LaserJet,1,-87,32.16881183895412,34.81174970350504,40.650001121744175,2017-12-01 11:05:57
328,a0:4f:d4:3a:a0:e1,Cellcom-WiFi_0123,11,-89,32.102528187003614,35.20734570155965,700.1622738859834,2017-12-03 08:37:13
329,40:65:a3:35:4c:c4,Efrat,1,-75,32.17218268216534,34.81446401702757,13.65040888895076,2017-12-01 10:49:08
330,1c:b9:c4:16:05:7c,Ariel_University,36,-89,32.10488923253685,35.210990272158256,704.6990103428163,2017-12-03 08:47:29
331,00:1a:dd:f4:f5:c5,Afikim_Wifi,13,-85,32.105092711036455,35.208837936474,689.1703332024274,2017-12-03 08:39:04
332,00:1a:dd:f4:f5:c4,,13,-87,32.105474246405585,35.20978571370655,689.0514532717172,2017-12-03 08:39:04
333,d0:d4:12:5e:db:f2,Siemens,11,-82,32.170409635313014,34.81253033272143,35.37451756555825,2017-12-01 11:00:34
334,1c:b9:c4:16:f1:4c,Ariel_University,36,-84,32.102144786670365,35.209089103693636,689.2517761973078,2017-12-03 08:41:44
335,1c:b9:c4:94:30:07,,36,-84,32.105062148949855,35.21071549460977,692.6868607099875,2017-12-03 08:40:43
336,74:44:01:39:09:86,Wifi,11,-93,32.17226318,34.81420816,40.0,2017-12-01 10:46:32
337,1c:b9:c4:15:20:38,Ariel_University,11,-82,32.1048194748832,35.21014193535791,697.8852428165848,2017-12-03 08:40:49
338,54:b8:0a:34:68:90,Shani - Green,6,-89,32.17190893585861,34.811884623092766,40.271981588575485,2017-12-01 10:44:04
339,cc:b2:55:67:2b:85,claire,6,-90,32.17092410916535,34.81275918581424,29.99888959507695,2017-12-01 10:59:32
340,00:12:2a:e1:6c:4c,Oded 5Ghz,48,-82,32.17116968086755,34.81281582525375,33.375961292695116,2017-12-01 10:46:07
341,a0:ab:1b:5d:c2:60,urigil1,10,-90,32.17241303604595,34.81208332874092,35.49585852826895,2017-12-01 10:43:57
342,30:d3:2d:37:20:f4,devolo-0f4,6,-80,32.17013234225084,34.81102658004824,35.03747895757557,2017-12-01 10:44:37
343,1c:b9:c4:16:f1:58,Ariel_University,6,-72,32.10338130676276,35.209975019716545,697.639430336133,2017-12-03 08:42:14
344,ec:8c:a2:88:a9:27,,44,-81,32.10377986390148,35.207818162044134,690.4231966047739,2017-12-03 08:37:55
345,ec:9b:f3:26:ab:3a,SGH-I337M,6,-79,32.10280900493248,35.208211488627946,697.781901151363,2017-12-03 08:46:00
346,1c:b9:c4:15:ed:3c,Ariel_University,36,-82,32.103952734186535,35.210527591187734,706.266460107648,2017-12-03 08:47:07
347,40:9b:cd:11:2f:88,dlink,44,-92,32.17052489858893,34.811243700290355,28.483305906931207,2017-12-01 10:44:30
348,6c:2e:85:fe:da:b8,HOTBOX-1966,6,-75,32.17134387611023,34.8116686534985,41.11423605499236,2017-12-01 11:05:06
349,e6:46:da:e4:84:c0,Aviramf phone,6,-87,32.10473074431384,35.20808401590763,689.6319853475801,2017-12-03 08:38:28
350,a4:2b:b0:ad:2d:34,lellouche,5,-82,32.17236392048461,34.813608582564235,40.37390229623366,2017-12-01 10:43:31
351,1c:b9:c4:15:ed:48,Ariel_University,1,-78,32.10479588603597,35.211428006626974,691.4023506924901,2017-12-03 08:40:34
352,82:2a:a8:bf:94:29,Home,11,-70,32.16929824901474,34.81201572882817,38.491247228516336,2017-12-01 10:59:56
353,1c:b9:c4:15:44:5c,Ariel_University,44,-73,32.10492944314507,35.21036102366028,706.1539739448494,2017-12-03 08:38:58
354,1c:b9:c4:16:05:78,Ariel_University,6,-78,32.10465467564625,35.209970904736124,698.9819295583397,2017-12-03 08:47:29
355,30:b5:c2:b8:40:36,,13,-91,32.10494482726751,35.210446896260514,717.6172124232385,2017-12-03 08:49:48
356,14:ae:db:43:88:35,BEZEQINT-8831,6,-85,32.1025158155865,35.207339181669674,697.9931737714959,2017-12-03 08:37:18
357,30:e1:71:be:67:57,DIRECT-56-HP OfficeJet 6950,11,-90,32.17257421641877,34.81234245317759,43.21979901905486,2017-12-01 11:04:45
358,cc:b2:55:e7:7e:ba,Bezeq-NGN_E77EB9,6,-87,32.106181954122206,35.21168763894033,689.1981253462077,2017-12-03 08:39:16
359,1c:b9:c4:16:f1:48,Ariel_University,1,-73,32.10225788704907,35.209224656135646,693.8738864635395,2017-12-03 08:41:44
360,c0:ac:54:f7:3c:c2,HOTBOX111,1,-87,32.1709647602487,34.81363051736938,34.77099905666582,2017-12-01 10:58:17
361,1c:b9:c4:96:f4:77,,36,-81,32.1029487120297,35.20863690637865,698.6178031992196,2017-12-03 08:37:21
362,00:12:2a:e1:6c:48,Oded 2.4Ghz,11,-69,32.17080176449869,34.81272263897246,33.895897256213196,2017-12-01 10:45:45
363,1c:b9:c4:96:06:b7,,48,-71,32.103776406029716,35.210084306298874,706.2198169440264,2017-12-03 08:42:17
364,ac:f1:df:76:a0:9c,dlink-A09C,11,-91,32.16939950952027,34.81073876931651,27.312818696124175,2017-12-01 10:51:13
365,00:27:22:f3:e2:f3,,6,-81,32.105924522405914,35.21055874734606,688.6737904292652,2017-12-03 08:39:07
366,14:ae:db:ba:1e:85,GuyHila,11,-76,32.1724094,34.81316731,41.0,2017-12-01 10:50:00
367,1c:b9:c4:15:ed:38,Ariel_University,6,-75,32.104086280764534,35.210869481756085,699.8973273487431,2017-12-03 08:42:29
368,ec:8c:a2:88:79:a7,,36,-83,32.10490479074945,35.211247446727874,697.431169239762,2017-12-03 08:42:59
369,14:cc:20:da:ab:9a,Fuck Off,11,-77,32.16902986,34.81190459,33.0,2017-12-01 11:00:19
370,1c:b9:c4:92:7c:c7,,36,-82,32.10290082863347,35.20885512897605,691.8458350165492,2017-12-03 08:41:25
371,10:0d:7f:83:6c:fe,NETGEAR_DGN2200,11,-93,32.1696487,34.81343376,35.0,2017-12-01 10:57:55
372,10:be:f5:36:02:e2,TOP-SECRET,8,-82,32.10614939016676,35.21138726608906,688.8993666020681,2017-12-03 08:39:13
373,00:78:9e:fa:6f:c3,HOTBOX-F028,1,-80,32.170412044285214,34.813564052839126,33.089829973430895,2017-12-01 10:58:08
374,1c:b9:c4:15:44:58,Ariel_University,11,-67,32.104954106456354,35.21055107398168,707.7397523099407,2017-12-03 08:39:04
375,10:5a:f7:08:27:71,Baruch_2.4,6,-90,32.17094894909989,34.81367243117691,29.87122718806025,2017-12-01 10:59:14
376,8c:0c:90:2e:16:88,Ariel_University,11,-78,32.103564273003016,35.2093192538642,704.3254859560741,2017-12-03 08:42:20
377,00:1d:aa:81:d8:3c,KCG-ADSL,3,-62,32.102875971403655,35.20974096016177,703.1346255261119,2017-12-03 08:42:14
378,a0:ab:1b:57:cd:42,Helen.,10,-74,32.17223867916216,34.81202835219862,30.517667486511723,2017-12-01 10:44:01
379,ec:8c:a2:08:92:4c,Ariel_University,36,-88,32.10461272357625,35.20792963641949,689.6670161410831,2017-12-03 08:38:25
380,10:0d:7f:7c:90:0a,Malibu,11,-91,32.1020859,35.20993739,692.0,2017-12-03 08:46:24
381,3c:52:82:af:42:75,DIRECT-74-HP DeskJet 4670 series,1,-59,32.17253375,34.81242662,41.99999999999999,2017-12-01 10:50:12
382,14:ae:db:b2:5f:05,mazia,1,-87,32.16977119,34.81225463,40.0,2017-12-01 10:45:29
383,1c:b9:c4:15:ed:bc,IT-MNG,48,-85,32.1034255,35.20978696,702.0,2017-12-03 09:07:13
384,1c:b9:c4:15:3d:6c,Ariel_University,44,-84,32.102579909730586,35.209925855963924,701.9874678094695,2017-12-03 08:42:02
385,84:c9:b2:4a:e7:87,dlink,2,-86,32.1044140461797,35.207880874934325,689.9496964638441,2017-12-03 08:38:22
386,b2:6c:ac:9f:fb:1f,iagree,1,-69,32.10460470197165,35.20974686570655,695.4591440350571,2017-12-03 08:40:58
387,ec:8c:a2:89:0c:c7,,44,-86,32.10342051137385,35.20780552775216,690.6874448611455,2017-12-03 08:38:04
388,b2:6c:ac:9f:f1:c5,paysday,2,-82,32.104310832341504,35.20937680819716,711.506482345143,2017-12-03 08:45:33
389,58:b6:33:34:81:a8,RDK,1,-85,32.17048909890092,34.811209511616894,33.32638799134844,2017-12-01 10:44:30
390,1c:b9:c4:16:05:3c,Ariel_University,36,-78,32.10460559671622,35.209293872901284,698.1443100593855,2017-12-03 08:40:55
391,b2:6c:ac:9f:fb:27,iagree,36,-89,32.10489300606392,35.20928224839672,690.7435731036957,2017-12-03 08:38:52
392,74:da:38:c3:12:45,Liliup,2,-88,32.169491346626565,34.81077184677352,30.418708757918328,2017-12-01 10:51:08
393,ec:8c:a2:08:92:48,Ariel_University,6,-85,32.10461272357625,35.207929636419486,689.6670161410831,2017-12-03 08:38:25
394,28:80:23:f6:e0:c1,HP-Print-C1-Deskjet 4640 series,11,-81,32.16908296373715,34.810628708591274,31.42165247600145,2017-12-01 10:44:52
395,1c:b9:c4:15:3d:5c,Ariel_University,36,-82,32.101993215281134,35.209569911503216,690.6407658565206,2017-12-03 08:41:50
396,c2:6c:ac:9f:fb:1f,shapedo,1,-67,32.104681527106,35.20990405496522,688.885704337789,2017-12-03 08:40:55
397,1c:b9:c4:15:ed:b8,IT-MNG,1,-82,32.10336183777688,35.20975078092387,700.4082398392862,2017-12-03 08:42:14
398,ec:08:6b:38:0d:dd,RS_GUEST,12,-85,32.169352040230876,34.8107440330666,33.733025605193404,2017-12-01 10:44:57
399,ec:08:6b:38:0d:dc,RS_GUEST_5G,44,-89,32.16882316757305,34.81054404962794,27.115266852237472,2017-12-01 10:44:57
400,1c:b9:c4:94:2b:87,,44,-88,32.10337113537652,35.209710253406485,704.1006958412728,2017-12-03 09:03:07
401,1c:b9:c4:96:e8:f7,,36,-81,32.10417631742747,35.21102625078787,700.3305528836255,2017-12-03 08:47:07
402,1c:b9:c4:15:3d:68,Ariel_University,6,-78,32.10307001349221,35.21007391297352,694.8208554784578,2017-12-03 08:42:02
403,00:13:d4:0f:f3:ba,home,1,-77,32.17086088999904,34.81142267349571,33.78369230332198,2017-12-01 10:44:26
404,ec:8c:a2:26:d3:68,Ariel_University,11,-58,32.104180590243374,35.209124745511595,689.3146554443415,2017-12-03 08:45:27
405,c2:6c:ac:9f:fb:27,shapedo,36,-89,32.10489300606392,35.20928224839672,690.7435731036957,2017-12-03 08:38:52
406,e4:95:6e:40:87:1a,OOP_course,1,-12,32.102993699167875,35.20965014643021,701.7653698392583,2017-12-03 09:01:13
407,fa:8f:ca:35:6e:e9,,1,-86,32.169918239999994,34.81090236,24.999999999999996,2017-12-01 11:05:24
408,1c:b9:c4:16:e5:ac,Ariel_University,36,-88,32.10360554777893,35.20981182556972,696.9845369879256,2017-12-03 08:42:17
409,1c:b9:c4:16:05:38,Ariel_University,11,-71,32.10468116980645,35.20989801440813,695.8224857818112,2017-12-03 08:40:52
410,00:1a:dd:f4:fc:85,Afikim_Wifi,8,-78,32.106211489963755,35.21194838735254,689.2763252871638,2017-12-03 08:39:19
411,c4:a8:1d:12:7d:4c,Orit,6,-57,32.172283181991595,34.81407821902417,36.57470492028751,2017-12-01 10:43:40
412,00:1a:dd:f4:fc:84,,8,-77,32.106211489963755,35.21194838735254,689.2763252871639,2017-12-03 08:39:19
413,00:02:6f:8e:64:67,,1,-87,32.10368798013033,35.20921906826147,701.0139074964809,2017-12-03 08:45:36
414,dc:4a:3e:cd:88:25,DIRECT-25-HP DeskJet 3830 series,6,-88,32.10465093,35.20984776,688.0,2017-12-03 08:50:01
415,a0:4f:d4:46:a9:e1,richman,11,-92,32.103254567862166,35.20776621667453,690.8153989055744,2017-12-03 08:37:55
416,a0:4f:d4:42:ba:71,cactus,1,-95,32.16872739,34.81060785,38.0,2017-12-01 10:44:59
417,1c:b9:c4:96:d2:87,,44,-83,32.10307804039665,35.20870761026456,694.0920303192503,2017-12-03 08:37:45
418,d4:7b:b0:79:65:fc,landau,11,-89,32.16997114015085,34.81231286652699,33.366893925615074,2017-12-01 10:45:33
419,4c:60:de:51:8b:ca,Laufer-wifi,11,-89,32.17077878136477,34.812722779871706,34.21889968642795,2017-12-01 10:58:38
420,1c:b9:c4:15:3d:58,Ariel_University,11,-69,32.102030000202575,35.209526773447884,696.27658091509,2017-12-03 08:41:50
421,a0:8c:fd:0a:24:56,DIRECT-13-HP DeskJet 3630 series,6,-76,32.10381187627594,35.2094906767625,703.5042377536232,2017-12-03 08:41:07
422,1c:b9:c4:16:cd:68,Ariel_University,11,-86,32.1044140461797,35.207880874934325,689.9496964638441,2017-12-03 08:38:22
423,74:ea:3a:ad:d1:50,TP-LINK_ADD150,4,-69,32.10399770037555,35.209612969332106,689.6799413666643,2017-12-03 08:40:58
424,a2:6c:ac:a0:3d:eb,giftwizard,3,-72,32.103777919173986,35.20942332054323,700.3527649129138,2017-12-03 08:40:52
425,1c:b9:c4:15:1b:8c,Ariel_University,58,-87,32.10202729086905,35.20947062720155,690.8338172894856,2017-12-03 08:41:47
426,08:97:58:32:a6:3e,NIPPON_2516,3,-73,32.10572050842588,35.2097599664662,688.5550300637956,2017-12-03 08:38:58
427,1c:b9:c4:16:e5:a8,Ariel_University,6,-76,32.10344475042621,35.20979399964647,701.081472156572,2017-12-03 08:42:17
428,1c:b9:c4:96:f4:27,,44,-90,32.10199115789806,35.20958210879809,691.3292746776632,2017-12-03 08:41:50
429,d0:bf:9c:db:31:30,HP-Print-30-Officejet 7610,6,-73,32.10465458359187,35.2098436761803,695.9864142676977,2017-12-03 08:40:52
430,24:79:2a:2b:34:e8,Ariel_University,1,-90,32.10507123327566,35.21145722461369,693.5785828198289,2017-12-03 08:40:16
431,74:da:38:a9:1c:df,"  InnovationEndeavors",2,-83,32.16958028002294,34.81217045032259,35.464264314480374,2017-12-01 10:45:32
432,10:5a:f7:0f:d5:32,Zvi_2.4,11,-91,32.17228106,34.81440381,51.0,2017-12-01 10:49:21
433,1c:b9:c4:16:11:ac,Ariel_University,44,-83,32.10256673327454,35.20898125337866,701.130219722951,2017-12-03 08:41:34
434,18:d6:c7:97:bd:2a,hot,11,-86,32.17013194999999,34.81237323,40.0,2017-12-01 10:59:44
435,ec:8e:b5:05:57:19,DIRECT-29-HP OfficeJet Pro 8710,6,-91,32.1695720901851,34.813408321637986,27.261501680838933,2017-12-01 10:57:53
436,28:f3:66:9d:dc:cb,Pantum-AP-9DDCCB,11,-84,32.17021581,34.81353649,37.0,2017-12-01 10:58:05
437,00:1a:dd:f4:fc:65,Afikim_Wifi,1,-90,32.106211489963755,35.21194838735254,689.2763252871639,2017-12-03 08:39:19
438,00:1a:dd:f4:fc:64,,1,-87,32.106211489963755,35.21194838735254,689.2763252871638,2017-12-03 08:39:19
439,ec:8c:a2:88:7b:87,,40,-76,32.10392178055328,35.207895366225024,690.293751922679,2017-12-03 08:38:28
440,00:25:86:cc:07:b2,KCG_54,2,-87,32.10410016147078,35.208427924787244,703.2732684202417,2017-12-03 08:45:33
441,24:79:2a:ab:24:97,,36,-86,32.10406637837736,35.210632077864716,704.8039142370221,2017-12-03 08:51:39
442,54:64:d9:66:29:ef,U2I8L1M0X42,11,-85,32.17217553070084,34.81201239183262,29.324181625013388,2017-12-01 10:44:01
443,0c:f4:d5:29:a2:9c,LRWN,36,-68,32.16888418479012,34.81184132681707,32.81024471350592,2017-12-01 10:45:01
444,1c:b9:c4:14:36:fc,Ariel_University,36,-84,32.10421297524157,35.21120930033314,700.5989322530135,2017-12-03 08:47:13
445,00:14:bf:42:7e:96,hot,9,-83,32.17022650720973,34.812420859339845,40.00000000000001,2017-12-01 10:59:44
446,00:1a:dd:f5:df:c5,Afikim_Wifi,6,-87,32.10483664733893,35.210268026517355,698.7367854471113,2017-12-03 08:49:44
447,00:1a:dd:f5:df:c4,,6,-89,32.10494482726751,35.210446896260514,717.6172124232386,2017-12-03 08:49:48
448,1c:b9:c4:15:1b:88,Ariel_University,11,-81,32.10208600104861,35.20928813919664,690.0247298147438,2017-12-03 08:41:47
449,7c:b7:33:a1:7e:98,HOTFiber-A53E,6,-79,32.170520719238965,34.8112206542411,35.26484814670918,2017-12-01 10:44:30
450,94:57:a5:4b:4f:41,DIRECT-1C-HP DeskJet 3830 series,6,-77,32.16967168472975,34.81218519148157,35.77392634571674,2017-12-01 10:59:50
451,1c:b9:c4:96:ed:47,,36,-91,32.103422735825944,35.2097119010955,704.24502290678,2017-12-03 09:03:10
452,30:e1:71:0d:e0:67,DIRECT-66-HP DeskJet 3630 series,6,-83,32.10455252,35.2096924,689.0000000000001,2017-12-03 08:50:04
453,c0:ac:54:f5:b7:f2,donush,1,-87,32.17134020148104,34.81169555724996,29.789299583491168,2017-12-01 10:44:14
454,ac:83:f3:b2:00:e9,SAMSONIX R500-e-09,1,-84,32.10500248118355,35.210472263787054,692.7188464192927,2017-12-03 08:40:46
455,30:e1:71:0d:e0:65,DIRECT-64-HP DeskJet 3630 series,6,-83,32.10419579290104,35.20912676733564,700.8868204723456,2017-12-03 08:41:04
456,00:0e:f4:c1:50:14,vladimir,11,-92,32.10263460161589,35.20757686137405,692.0341048029705,2017-12-03 08:37:36
457,1c:b9:c4:16:11:a8,Ariel_University,1,-73,32.10255697231013,35.208979316891266,689.8692399515,2017-12-03 08:46:13
458,30:e1:71:0d:e0:63,DIRECT-61-HP DeskJet 3630 series,6,-79,32.10347119803531,35.20958071356991,701.3552995474666,2017-12-03 08:42:08
459,00:0d:f0:3e:fa:ca,Gateway,9,-87,32.106089276564596,35.21106968179407,688.7624378298847,2017-12-03 08:39:10
460,00:1a:dd:f5:06:a5,Afikim_Wifi,13,-84,32.10593532045871,35.21038076777716,688.6045855255679,2017-12-03 08:39:04
461,00:1a:dd:f5:06:a4,,13,-83,32.10593532045871,35.21038076777717,688.6045855255679,2017-12-03 08:39:04
462,c4:12:f5:f9:5c:7c,Lili,11,-79,32.169473141765764,34.810768158985404,35.90922172480734,2017-12-01 10:51:08
463,1c:b9:c4:95:23:57,,36,-92,32.104079300627305,35.20894493919268,693.2106002961864,2017-12-03 08:41:10
464,08:3e:5d:5c:72:5e,Lahav,11,-83,32.17236626932962,34.81360487896267,39.036039450648566,2017-12-01 10:43:40
465,c4:a8:1d:13:2a:95,Eric 2.4,1,-87,32.1699948,34.81094348,28.999999999999996,2017-12-01 10:50:58
466,98:e7:f4:0a:dd:86,DIRECT-85-HP OfficeJet Pro 6960,6,-89,32.17043936,34.81118089,29.0,2017-12-01 11:10:04
467,00:30:4f:91:36:07,hilda,6,-71,32.1696545076484,34.81296058292481,26.93411715190417,2017-12-01 10:45:29
468,1c:b9:c4:14:36:f8,Ariel_University,6,-78,32.104519883098945,35.21127957088618,694.6482809964774,2017-12-03 08:40:34
469,ec:8c:a2:26:b1:78,Ariel_University,1,-68,32.10256492043883,35.20885528339702,699.3691975632543,2017-12-03 08:46:07
470,1c:b9:c4:96:ed:37,,44,-77,32.10298368822899,35.2096760225744,700.5598551317499,2017-12-03 08:42:05
471,1c:b9:c4:94:62:47,,36,-79,32.10457102888188,35.209608501213296,692.8918490649098,2017-12-03 08:40:58
472,10:be:f5:40:26:82,Home,10,-89,32.169168840000005,34.810652340000004,31.000000000000004,2017-12-01 10:56:21
473,16:ae:db:c1:ae:55,Fuck Off Yourself,9,-79,32.16927107246911,34.81201044802282,27.21999505256496,2017-12-01 10:57:26
474,f0:b0:52:3e:d6:f8,Ariel_University,11,-86,32.10473074431384,35.20808401590763,689.6319853475801,2017-12-03 08:38:28
475,74:da:3a:97:66:9e,oved-main,6,-87,32.16988721999999,34.81091198,37.0,2017-12-01 10:44:40
476,1c:b9:c4:16:1d:7c,Ariel_University,44,-82,32.10375796803502,35.20944637389332,704.5447638541096,2017-12-03 08:45:36
477,a8:c8:3a:35:b6:d4,Partner-4G-B6D4,1,-92,32.17103853,34.81359455,43.0,2017-12-01 10:59:17
478,1c:b9:c4:14:2f:6c,Ariel_University,36,-76,32.10263474546557,35.208939947007075,690.5293943929987,2017-12-03 08:41:34
479,ec:8c:a2:08:99:68,Ariel_University,11,-89,32.102528187003614,35.20734570155965,700.1622738859834,2017-12-03 08:37:13
480,1c:b9:c4:16:cd:1c,Ariel_University,36,-88,32.10578181130056,35.21207187967583,690.5323471428377,2017-12-03 08:39:28
481,00:02:6f:b8:c4:1a,,11,-86,32.10398682674761,35.208972184356085,702.3784600290483,2017-12-03 08:41:07
482,8c:0c:90:6e:16:88,,11,-78,32.1036939482973,35.20920588814832,699.9826910121632,2017-12-03 08:42:14
483,5a:0c:c8:0f:21:90,Bezeq Free T00C36,1,-90,32.169468838450214,34.811217999319986,31.50534266169677,2017-12-01 10:44:46
484,7c:b7:33:2b:c4:52,spielman,1,-73,32.16935940800852,34.81072496254775,29.922548673825315,2017-12-01 10:53:47
485,1c:b9:c4:15:41:7c,Ariel_University,44,-78,32.104163451178074,35.2110012459743,696.2173923900879,2017-12-03 08:42:38
486,c0:ac:54:f8:6b:28,Li,1,-80,32.16970224,34.81083489,27.0,2017-12-01 10:51:04
487,1c:b9:c4:94:2b:d7,,36,-78,32.10227804650276,35.20926738007158,697.3514191595569,2017-12-03 08:46:07
488,f4:f2:6d:34:56:54,spielman,1,-77,32.16914550735815,34.8106429638622,33.32633776924205,2017-12-01 10:44:52
489,60:e3:27:7b:e0:98,HelpDesk,4,-79,32.103827070621435,35.2102536180037,705.4620798933173,2017-12-03 08:42:23
490,40:a5:ef:7a:17:f2,2.4V1,1,-72,32.10269318853064,35.20987320502524,693.5635567890532,2017-12-03 08:45:42
491,24:79:2a:2c:61:6c,Ariel_University,36,-92,32.10413712623305,35.210824460173626,704.7212452331756,2017-12-03 08:51:42
492,f8:d1:11:b8:3b:7e,Mehta_Up,6,-86,32.169558759719756,34.81216374512876,37.975790044570275,2017-12-01 10:45:32
493,7c:b7:33:97:35:f1,U2I8L1M0X42,1,-73,32.17212193,34.81196568,47.0,2017-12-01 10:44:01
494,54:64:d9:5f:59:83,HOTBOX-651B,1,-77,32.169449438584905,34.81211574693812,29.925594414509078,2017-12-01 11:00:32
495,34:8f:27:a0:89:b7,,44,-89,32.10446696636829,35.20942986183026,692.9030486088649,2017-12-03 08:41:01
496,00:78:9e:fa:0e:5c,Miller,1,-78,32.172428124402145,34.81272303610188,46.8544235924933,2017-12-01 10:46:14
497,52:a8:1d:12:df:c4,@Cafe,1,-92,32.171290880406936,34.81226370160693,33.57526011560693,2017-12-01 10:50:36
498,d8:5d:4c:d9:c4:68,shlomi,1,-65,32.17042076152296,34.811177101038275,34.09463673243785,2017-12-01 10:50:54
499,74:da:39:54:b8:1d,oved-main,6,-64,32.16954359231113,34.81078684756954,28.63350445120208,2017-12-01 10:51:02
500,24:79:2a:2b:34:a8,Ariel_University,11,-92,32.105338150765675,35.21187487697705,692.0554072332519,2017-12-03 08:39:37
501,1c:b9:c4:16:1d:78,Ariel_University,1,-76,32.103777808274145,35.209218029918986,694.3128864174773,2017-12-03 08:41:25
502,1c:b9:c4:96:f1:97,,60,-83,32.10229102378868,35.2089337877798,699.6054525699565,2017-12-03 08:46:10
503,1c:b9:c4:14:2f:68,Ariel_University,6,-63,32.102552091640945,35.208852017903816,694.6128262344954,2017-12-03 08:46:03
504,1c:b9:c4:16:cd:18,IT-MNG,1,-75,32.10548842402243,35.21191393182069,691.976585345977,2017-12-03 08:39:31
505,5a:ab:1b:62:0d:fd,BezeqFree,2,-82,32.169994640752414,34.81235258694763,34.41631414962004,2017-12-01 10:45:29
506,06:ae:db:58:73:75,BezeqFree,1,-57,32.17225212835577,34.814198628481,48.24472126261436,2017-12-01 11:04:18
507,1c:b9:c4:94:2b:c7,,36,-80,32.1050271314145,35.21103245039248,700.7822284453173,2017-12-03 08:40:37
508,8c:dc:d4:6a:a9:8a,HP-Print-8A-Deskjet 4640 series,11,-84,32.17008735612339,34.812394748011684,36.16789164756158,2017-12-01 10:45:33
509,1c:b9:c4:95:36:97,,36,-86,32.10502806993315,35.210961717985285,733.9581295039462,2017-12-03 08:53:26
510,1c:b9:c4:15:41:78,Ariel_University,1,-71,32.10436288997109,35.211121389589195,700.6453786341363,2017-12-03 08:47:07
511,24:79:2a:2c:61:68,Ariel_University,6,-83,32.104047109642735,35.21059905198307,696.7270599946687,2017-12-03 08:42:32
512,ec:8c:a2:08:7a:1c,Ariel_University,44,-71,32.10349661289003,35.20779240490037,690.6301240378523,2017-12-03 08:37:58
513,80:1f:02:f5:d8:e8,angela,1,-89,32.172252019523675,34.814391891326764,17.18081811626479,2017-12-01 10:43:06
514,14:ae:db:b7:ab:ad,044870715,6,-81,32.17110149156805,34.813013637863776,33.69249757551076,2017-12-01 10:58:29
515,8c:0c:90:2f:ca:18,Ariel_University,1,-87,32.10386009727099,35.20889523702908,715.6639357440854,2017-12-03 08:45:36
516,24:79:2a:2b:bd:8c,Ariel_University,44,-83,32.103779612766104,35.210145421207265,705.7196085624894,2017-12-03 08:42:20
517,00:1c:10:09:4f:bc,hot,3,-71,32.170460402218936,34.81255974842601,39.44507933925862,2017-12-01 10:45:38
518,f4:f2:6d:af:45:26,Basement,3,-87,32.17231428239179,34.81391151665927,40.533851276359606,2017-12-01 11:04:21
519,00:11:6b:11:02:b7,yosh,1,-81,32.102411638626144,35.20979522872534,691.753825725008,2017-12-03 08:41:53
520,00:78:9e:fa:0e:db,snapper1,1,-91,32.16990288130547,34.812290822946096,35.18755395607378,2017-12-01 11:06:15
521,ec:8c:a2:08:7a:18,Ariel_University,1,-71,32.10377787980504,35.20782590179721,690.4274628299759,2017-12-03 08:37:58
522,74:da:38:c3:0d:6b,Jamcanup,2,-87,32.16917019230132,34.8106650271149,28.810367981340114,2017-12-01 10:55:50
523,1c:b9:c4:12:90:bc,Ariel_University,40,-77,32.10318778812615,35.20891229031204,694.5728240517269,2017-12-03 08:46:07
524,48:ee:0c:3b:ac:5a,kawasaki,11,-75,32.16981779,34.81346387,34.99999999999999,2017-12-01 10:57:58
525,f8:d1:11:77:77:c6,HelpDesk,4,-70,32.103039455571285,35.20868550081912,690.5688561810662,2017-12-03 08:41:31
526,48:ee:0c:3e:86:dd,tachlit3,7,-85,32.10238354273451,35.208836763486595,689.4879837201058,2017-12-03 08:41:40
527,14:ae:db:4f:50:75,GuyEmily,6,-85,32.10219394918968,35.210003584313654,700.9890867525716,2017-12-03 08:46:27
528,24:79:2a:2b:bd:88,Ariel_University,11,-72,32.103904644724665,35.210473622556215,704.0620633789143,2017-12-03 08:42:23
529,6c:b0:ce:ac:32:9c,dobry2016_5,60,-89,32.17232792,34.81365654,42.00000000000001,2017-12-01 10:46:23
530,6c:b0:ce:ac:32:9b,dobry2016,1,-69,32.17239563875332,34.81338022805831,31.256452848476727,2017-12-01 10:43:33
531,1c:b9:c4:95:42:67,,48,-90,32.105066559019285,35.21095878761492,692.5004478551441,2017-12-03 08:40:40
532,d8:fb:5e:17:1b:d6,DAVID,11,-92,32.171176511717704,34.81159409519152,35.00469475513095,2017-12-01 10:44:18
533,14:ae:db:58:73:75,love,1,-58,32.17227144981482,34.81434255772348,32.95515227992235,2017-12-01 10:46:38
534,b0:48:7a:a1:80:8c,Knoch,4,-86,32.10251814263996,35.20734901460897,698.9056862429085,2017-12-03 08:37:15
535,c0:ac:54:f7:42:60,HOTBOX,1,-82,32.170841733234134,34.81364401834643,33.2800463262508,2017-12-01 10:58:14
536,8c:59:c3:ea:db:4b,Liza,36,-91,32.171773657455525,34.81183741979604,41.75368557840066,2017-12-01 11:05:00
537,14:ae:db:cf:86:f5,Biren2809,11,-91,32.103147609584674,35.20814477182254,691.7941043072863,2017-12-03 08:37:42
538,8c:59:c3:ea:db:4a,Liza,1,-78,32.17192567426232,34.81190476642236,31.117499840805472,2017-12-01 10:44:05
539,b2:6c:ac:a0:3d:eb,sinusafe,3,-72,32.10349525110087,35.20908235527585,689.4487836501607,2017-12-03 08:45:15
540,14:ae:db:cc:ed:6d,KarvatB0.5,48,-89,32.17226521592443,34.81421445142988,22.818991521293682,2017-12-01 10:43:18
541,14:9d:09:80:00:9d,HUAWEI-009D,4,-86,32.17225793952015,34.81441454466232,40.08129430873258,2017-12-01 11:07:18
542,1c:b9:c4:12:90:b8,Ariel_University,11,-71,32.10298511459102,35.208811632351676,699.1769401300528,2017-12-03 08:46:10
543,b4:ee:b4:86:c0:f1,Efrat,11,-74,32.172238019565235,34.81444473498782,10.580361150029846,2017-12-01 10:43:00
544,f8:ab:05:46:de:55,Levy,10,-85,32.16876228,34.81066790999999,31.0,2017-12-01 10:57:04
545,1c:b9:c4:96:f1:57,,52,-82,32.10331293900251,35.20972428135122,704.0827552239928,2017-12-03 08:51:21
546,24:79:2a:ac:5b:d7,,36,-82,32.10444130085198,35.20944049214144,719.6999289639562,2017-12-03 08:45:24
547,ec:8c:a2:08:94:1c,Ariel_University,44,-63,32.103332018304705,35.20877923503941,707.3879720917653,2017-12-03 08:46:07
548,8c:0c:90:af:76:53,,6,-90,32.105210120790346,35.21178480914369,692.3377115782242,2017-12-03 08:39:49
549,ec:8c:a2:09:03:3c,Ariel_University,44,-77,32.10310231558724,35.207698037468575,691.9064470832453,2017-12-03 08:37:33
550,6c:b0:ce:2f:43:36,Hilush111,1,-92,32.1716947,34.81179424,41.99999999999999,2017-12-01 10:44:07
551,a0:ab:1b:59:55:54,ear,1,-85,32.10251814263996,35.20734901460897,698.9056862429084,2017-12-03 08:37:15
552,1c:b9:c4:96:05:77,,36,-90,32.10490479074945,35.211247446727874,697.4311692397619,2017-12-03 08:42:59
553,1c:b9:c4:16:13:0c,Ariel_University,44,-89,32.10332614802254,35.20866418715774,692.4506545358308,2017-12-03 08:41:25
554,e8:d1:1b:72:74:81,HOTBOX-747B,1,-91,32.1718612,34.81297848,39.0,2017-12-01 11:01:01
555,40:65:a3:2b:62:22,HOTFiber-400D,6,-83,32.168827967275575,34.81176748344249,34.83161255463681,2017-12-01 10:45:13
556,1c:b9:c4:96:f1:47,,36,-83,32.10215532094678,35.20926006509077,703.336196116465,2017-12-03 08:46:13
557,00:27:22:f3:bb:86,,6,-81,32.10375725007887,35.20784015835278,690.4441102635042,2017-12-03 08:38:16
558,3c:1e:04:05:5f:f5,BezeqNGN_009030_2.4GHz_1,1,-92,32.10427768945722,35.21140688710281,701.7264123572375,2017-12-03 08:47:15
559,90:8d:78:b6:28:f6,Talfamily2,5,-62,32.16879785,34.81168164999999,32.0,2017-12-01 11:10:37
560,40:65:a3:2b:62:0e,HOTFiber-400D,6,-89,32.16884609729755,34.81178747006398,28.29109853755457,2017-12-01 10:45:13
561,a0:8c:fd:8c:c5:b2,DIRECT-98-HP DeskJet 3630 series,6,-92,32.10497406,35.2111867,695.9999999999999,2017-12-03 08:49:29
562,00:78:9e:f9:f5:5b,HOTBOX1234,1,-81,32.17255607851636,34.812383491811524,45.580574226881815,2017-12-01 10:43:49
563,8c:0c:90:ad:75:e3,,1,-76,32.103038647680336,35.20876462970693,697.7531492642632,2017-12-03 08:45:54
564,ec:8c:a2:08:94:18,Ariel_University,1,-60,32.10297936032447,35.208957986125405,690.5018067148317,2017-12-03 08:37:15
565,ec:8c:a2:08:77:48,Ariel_University,6,-88,32.102861507686676,35.2076291986019,691.1036071541974,2017-12-03 08:37:42
566,ec:8c:a2:09:03:38,Ariel_University,1,-71,32.10281447386213,35.20758104767403,693.2074095942436,2017-12-03 08:37:52
567,8c:0c:90:2f:d3:d8,Ariel_University,11,-78,32.10428961904189,35.21104684094797,697.0939281399054,2017-12-03 08:40:46
568,1c:b9:c4:95:1c:b7,,36,-90,32.10303985479879,35.20968826555523,703.11594160034,2017-12-03 09:02:43
569,1c:b9:c4:16:ee:9c,Ariel_University,36,-85,32.10259716125353,35.20992068942939,696.4473308693133,2017-12-03 08:42:02
570,1c:b9:c4:16:13:08,Ariel_University,11,-80,32.10356596775584,35.2087757310944,697.2890669002472,2017-12-03 08:45:42
571,20:0c:c8:0a:ef:2a,SHAHAF2.4,11,-82,32.17198534972246,34.81299603716402,26.593085271027938,2017-12-01 10:46:04
572,1c:b9:c4:14:2f:a8,Ariel_University,1,-87,32.10591114100764,35.21043701631978,688.6622483231179,2017-12-03 08:38:58
573,1c:b9:c4:15:fd:4c,Ariel_University,36,-83,32.104015239739226,35.20933087970726,708.8642362924815,2017-12-03 08:42:23
574,00:11:6b:11:7d:c7,yosh,13,-84,32.104857131453684,35.210216816724,709.8314147990669,2017-12-03 08:41:01
575,90:6c:ac:9f:fb:1f,Guest,1,-69,32.104803933137894,35.209756662274636,687.6128167610754,2017-12-03 08:39:04
576,1c:b9:c4:15:3a:3c,Ariel_University,44,-82,32.102049198139355,35.209576342221666,691.331833645041,2017-12-03 08:41:53
577,90:8d:78:54:6b:4d,Salomon,1,-85,32.10460374739836,35.20980756528906,701.4256799553584,2017-12-03 08:45:22
578,06:ae:db:c1:ad:7d,BezeqFree,1,-87,32.17246651,34.81278713,48.0,2017-12-01 10:43:43
579,70:4d:7b:0c:89:50,ter123,6,-69,32.17022658720245,34.81245703585097,34.62853528193322,2017-12-01 10:45:37
580,90:6c:ac:9f:f1:c5,CliClap,2,-82,32.10415970014834,35.20931960971461,701.818675640647,2017-12-03 08:45:36
581,00:30:4f:91:38:b3,hilda,6,-73,32.1696487,34.81343376,35.0,2017-12-01 10:57:55
582,a2:6c:ac:a0:7b:4d,Guest,11,-64,32.10468968811749,35.20994076792223,694.7178413093993,2017-12-03 08:40:55
583,1c:b9:c4:15:fd:ec,Ariel_University,40,-76,32.10533711925974,35.2118598855837,691.9964341016355,2017-12-03 08:39:40
584,90:6c:ac:9f:fb:27,Guest,36,-89,32.10489300606392,35.20928224839672,690.7435731036957,2017-12-03 08:38:52
585,1c:b9:c4:56:cd:18,Ariel_University,1,-75,32.10547721724902,35.21190813130017,692.0330595064815,2017-12-03 08:39:31
586,24:79:2a:2c:3d:68,Ariel_University,6,-85,32.10339539914512,35.208784193538825,699.0853653836789,2017-12-03 08:45:42
587,08:97:58:31:e0:c6,SEW132_23574336,3,-78,32.17142822600876,34.811688084941395,35.594734258695155,2017-12-01 11:05:06
588,1c:b9:c4:16:ee:98,Ariel_University,6,-73,32.102854635466265,35.20994516885263,696.8549041985654,2017-12-03 08:42:02
589,84:c9:b2:b7:c8:2d,Bezeq,6,-82,32.10258120582479,35.20997250602206,698.0276205515277,2017-12-03 08:46:24
590,30:e1:71:fb:1e:f7,DIRECT-F6-HP DeskJet 3830 series,11,-92,32.17231097,34.81407594,39.0,2017-12-01 11:11:44
591,a2:6c:ac:a0:7b:55,Guest,52,-73,32.10467787135877,35.209813449304924,708.6936298682328,2017-12-03 08:40:55
592,c4:04:15:60:6a:b6,BezeqNGN_10072E_5GHz_1,48,-82,32.17180755,34.81183239,30.999999999999996,2017-12-01 11:09:47
593,c4:04:15:60:6a:b5,Ben Ami_2.4,11,-73,32.17183564526571,34.81186446357241,40.133330161630724,2017-12-01 10:44:07
594,1c:b9:c4:15:3a:2c,Ariel_University,36,-92,32.105338150765675,35.21187487697705,692.0554072332519,2017-12-03 08:39:37
595,00:0b:6c:4d:1b:3f,UFI_UF230_B3F,6,-58,32.17058662765169,34.812623564024214,35.37055886700306,2017-12-01 10:45:33
596,1c:b9:c4:15:fd:48,Ariel_University,1,-71,32.103813772156414,35.20995066326026,699.6806127076228,2017-12-03 08:42:20
597,ec:8c:a2:88:78:37,,40,-90,32.103323385092075,35.20778662747971,690.7687922307229,2017-12-03 08:37:58
598,d8:fe:e3:03:5a:31,Moria,6,-78,32.10253058643105,35.2073073810576,699.7521498395156,2017-12-03 08:37:13
599,1c:b9:c4:15:3a:38,Ariel_University,11,-74,32.102009297485154,35.20954681142774,695.6124329814686,2017-12-03 08:41:47
600,b0:b2:8f:36:a2:b3,yotam17,10,-91,32.170537889949344,34.81359888137072,34.247660313570826,2017-12-01 10:58:11
601,c0:4a:00:71:ee:ee,Onicom,9,-81,32.103488096295486,35.209807180370774,699.2249391711212,2017-12-03 08:42:17
602,24:79:2a:ab:07:b7,,36,-87,32.103724904733575,35.21020742379761,710.7830608193166,2017-12-03 09:06:19
603,74:da:38:54:b8:1c,oved-main_2EX,6,-80,32.16969384158719,34.810860989133886,40.951736594141536,2017-12-01 11:05:27
604,1c:b9:c4:15:fd:e8,IT-MNG,11,-82,32.10520793082958,35.211630991084,692.2926452178008,2017-12-03 08:39:40
605,00:27:22:f3:bb:3a,,6,-86,32.10353355128236,35.20781291804855,690.579512991733,2017-12-03 08:38:10
606,8c:0c:90:ae:16:83,,11,-79,32.10358324106793,35.209065409283326,709.4559242094869,2017-12-03 08:45:30
607,80:37:73:d7:ab:3a,Hoom_2.4,1,-88,32.10246378160256,35.20756340100136,694.129943277534,2017-12-03 08:37:30
608,a2:6c:ac:a0:60:4d,incentive2,1,-70,32.10440305965425,35.20959032432023,688.5966927774432,2017-12-03 08:40:58
609,1c:b9:c4:96:05:37,,36,-83,32.10466627,35.20990936,687.0,2017-12-03 08:53:45
610,fc:75:16:55:27:fa,BS-WIFI-4EVER,6,-94,32.17250306,34.81263803,42.0,2017-12-01 10:50:09
611,16:0c:c3:ee:27:39,Is,6,-83,32.170499111058675,34.81357876017048,33.48002461031373,2017-12-01 10:58:08
612,3c:52:82:ef:c4:3c,DIRECT-3B-HP DeskJet 3630 series,6,-61,32.10294791038143,35.2096769079116,704.3221331849404,2017-12-03 08:42:08
613,1c:b9:c4:15:3a:28,Ariel_University,1,-87,32.105448644069995,35.21192983211315,691.5885470680463,2017-12-03 08:39:34
614,00:78:9e:fb:1e:09,HOTBOX-4D4E,1,-91,32.170053389171805,34.81099874038432,30.62659341727973,2017-12-01 10:50:56
615,a2:6c:ac:a0:60:55,incentive2,36,-82,32.10457226286324,35.20965432483015,720.8507320031981,2017-12-03 08:53:50
616,82:2a:a8:bf:93:e5,Home,1,-85,32.16942426,34.81209986,35.99999999999999,2017-12-01 11:00:25
617,1c:b9:c4:16:04:7c,Ariel_University,60,-81,32.102271738464836,35.20927735809509,704.3875712040443,2017-12-03 08:46:15
618,b4:ee:b4:36:dd:b9,HOTFiber-400D,6,-89,32.16883769901992,34.81174537287164,26.96056003278366,2017-12-01 10:57:17
619,00:c0:02:0a:c6:c2,luxynet,7,-93,32.17134232,34.81165241,37.0,2017-12-01 10:50:36
620,ec:8c:a2:88:78:c7,,48,-82,32.103218438334075,35.20895591989746,694.2303369819643,2017-12-03 08:41:31
621,1c:b9:c4:95:1e:67,,36,-83,32.10249698228352,35.2100173165801,712.5488963655685,2017-12-03 08:46:31
622,a2:6c:ac:a0:18:29,artsim,6,-75,32.10369253461836,35.209299873203534,689.7112119927177,2017-12-03 08:41:01
623,00:27:22:f3:bb:2b,,6,-85,32.10395770710009,35.209595214604356,706.788837453299,2017-12-03 08:41:07
624,14:9d:09:80:00:f1,HUAWEI-00F1,6,-85,32.17223176,34.81443003999999,44.99999999999999,2017-12-01 11:03:43
625,58:70:c6:fb:68:7a,YICarCam_fb687a,5,-88,32.104362677361316,35.20927746779735,692.9954485022049,2017-12-03 08:41:04
626,58:70:c6:fb:96:30,YICarCam_fb9630,5,-88,32.10473133,35.21000488999999,687.0,2017-12-03 08:49:58
627,1c:b9:c4:12:af:7c,Ariel_University,40,-72,32.103004219092796,35.20965475398371,701.8152572013144,2017-12-03 08:42:08
628,c4:12:f5:fd:6a:74,mati-sh1,9,-85,32.10483384066017,35.210049483590204,692.7415284537184,2017-12-03 08:40:52
629,1c:b9:c4:96:e5:a7,,36,-90,32.10381009568773,35.210283621423905,710.9061260906689,2017-12-03 09:06:31
630,1c:b9:c4:15:ec:3c,Ariel_University,36,-77,32.102955022974555,35.209684209067404,703.0505438993998,2017-12-03 08:42:08
631,62:ee:0c:3b:ac:5b,Bezeq Free,11,-75,32.16981779,34.81346387,34.99999999999999,2017-12-01 10:57:58
632,30:b5:c2:e0:55:9c,Alpha125,6,-82,32.16968089,34.81083325,36.99999999999999,2017-12-01 10:44:43
633,1c:b9:c4:95:44:87,,36,-86,32.10475063479136,35.21122999135554,699.6870730661485,2017-12-03 08:40:40
634,20:0c:c8:0f:21:93,ELCHARAR_2.4,1,-89,32.169469121227074,34.8112173485247,31.368994745521142,2017-12-01 10:44:46
635,1c:b9:c4:16:2b:ec,Ariel_University,36,-91,32.105083845149835,35.21105176968496,723.7793960780249,2017-12-03 08:44:54
636,06:ae:db:3a:64:05,BezeqFree,1,-84,32.102458386443125,35.20743113335047,694.8881937656644,2017-12-03 08:37:27
637,1c:b9:c4:16:04:78,Ariel_University,11,-72,32.10229756934505,35.20942351691891,693.1958479137515,2017-12-03 08:41:47
638,ec:8c:a2:08:79:88,Ariel_University,1,-88,32.10493454942741,35.210993687799785,688.9904963388942,2017-12-03 08:40:34
639,58:b6:33:34:ae:f8,RDK,11,-85,32.17048504199761,34.81121443391942,28.724058829826994,2017-12-01 10:44:30
640,6a:0c:c8:1d:c8:28,Bezeq Free F026CC,1,-81,32.169983587299356,34.81095238145859,36.99999999999999,2017-12-01 10:44:40
641,1c:b9:c4:14:33:cc,Ariel_University,48,-78,32.10251676329972,35.20903077748837,695.9738184307372,2017-12-03 08:37:27
642,42501_13111_7943948,Partner,0,-103,32.17059120027647,34.81242829263441,28.458749487446863,2017-12-01 10:46:04
643,14:cc:20:76:c0:8e,TP-LINK_76C08E,1,-84,32.1708330803858,34.81273854065639,39.209548884464205,2017-12-01 10:46:08
644,42501_13111_7943940,Partner,0,-95,32.17109418874832,34.81307388788705,27.47911729404153,2017-12-01 10:43:37
645,c0:ac:54:f5:b4:c9,HOTBOX-D88A,1,-92,32.17224246105308,34.8144489381276,7.777438959165592,2017-12-01 10:42:54
646,d0:d4:12:68:5b:ca,klyn,1,-95,32.1020859,35.20993739,692.0,2017-12-03 08:46:24
647,1c:b9:c4:12:af:78,Ariel_University,11,-60,32.10297823974348,35.20966682982922,704.3241559441334,2017-12-03 08:42:08
648,00:07:26:4f:07:ae,HOTBOX-1A14,6,-86,32.17240894227467,34.81332522126937,34.66128723607833,2017-12-01 10:46:20
649,1c:b9:c4:15:ec:38,Ariel_University,6,-67,32.10322285362847,35.20997032254469,697.0617823314063,2017-12-03 08:42:08
650,e8:cc:18:ac:1b:e1,Daizad,3,-90,32.17024204862788,34.813533118254576,29.09677084835438,2017-12-01 10:59:02
651,a4:08:f5:20:72:6a,HOTFiber-3C40,1,-87,32.10286150768667,35.2076291986019,691.1036071541976,2017-12-03 08:37:42
652,1c:b9:c4:96:11:a7,,44,-86,32.10268409067298,35.20926582214397,710.3801613733546,2017-12-03 08:54:29
653,1c:b9:c4:95:ed:47,,44,-87,32.104906121909195,35.21135241304572,691.7266026300563,2017-12-03 08:40:34
654,14:cc:20:09:3c:b9,sirocco_2.4o,11,-83,32.17109863349651,34.81304547015472,36.567230131628804,2017-12-01 10:58:26
655,1c:b9:c4:16:2b:e8,Ariel_University,6,-83,32.1046947868517,35.21037252326996,689.6116380521365,2017-12-03 08:40:40
656,1c:b9:c4:15:43:ec,Ariel_University,36,-86,32.102298630301554,35.20922609710819,706.4003318459148,2017-12-03 08:46:19
657,10:be:f5:a7:b4:f4,Home,7,-87,32.10251814263996,35.20734901460897,698.9056862429085,2017-12-03 08:37:15
658,30:e1:71:0f:a2:72,DIRECT-71-HP DeskJet 3630 series,6,-76,32.10201314920573,35.20972856511783,690.9557848714416,2017-12-03 08:41:53
659,62:b2:55:67:2b:86,Bezeq Free 672B84,6,-92,32.17092410916535,34.81275918581424,29.998889595076953,2017-12-01 10:59:32
660,1c:b9:c4:14:33:c8,Ariel_University,11,-72,32.102575452510706,35.209123777315284,691.0476755484801,2017-12-03 08:37:18
661,1c:b9:c4:94:36:f7,,36,-89,32.10421174650141,35.21118933608519,697.9876832678716,2017-12-03 08:42:41
662,c4:a8:1d:12:df:c5,maya salon,1,-89,32.1712926205347,34.812243022487316,33.69111416124605,2017-12-01 10:50:36
663,00:26:5a:10:b7:0a,Einav_1,6,-82,32.16940316,34.81209444,39.99999999999999,2017-12-01 10:45:23
664,1c:b9:c4:14:2c:3c,Ariel_University,52,-67,32.102714248261854,35.20983696805412,703.9851869744475,2017-12-03 08:51:11
665,20:0c:c8:1d:c8:2c,Neeman2.4_5,60,-89,32.17005047256307,34.811007615648165,28.289290688769423,2017-12-01 10:44:38
666,20:0c:c8:1d:c8:2b,Neeman2.4,1,-78,32.16994716187686,34.81094265673858,34.60026304461056,2017-12-01 10:44:40
667,1c:b9:c4:95:ed:37,,36,-85,32.10418021070116,35.210971616382466,697.8335736441352,2017-12-03 08:42:38
668,c0:ac:54:f5:7d:bd,HOTBOX-2017,11,-72,32.170917718208315,34.81276217001035,39.10455216369011,2017-12-01 10:45:50
669,1c:b9:c4:95:44:57,,44,-75,32.10500097336687,35.21047477768118,710.7476613871767,2017-12-03 08:40:46
670,7e:ff:30:08:7f:bd,SETUP,11,-80,32.10241537,35.208865,688.0,2017-12-03 08:46:06
671,1c:b9:c4:15:43:e8,Ariel_University,1,-75,32.102405438494145,35.20907080925339,700.5464770046952,2017-12-03 08:41:34
672,14:ae:db:3a:64:05,tanya,1,-86,32.10252818700361,35.20734570155965,700.1622738859832,2017-12-03 08:37:13
673,00:21:04:e7:95:da,orange,1,-74,32.17019245706264,34.813527839841825,29.307093300753618,2017-12-01 10:58:05
674,10:be:f5:3b:68:2c,Hagar,11,-87,32.102528187003614,35.207345701559646,700.1622738859832,2017-12-03 08:37:13
675,14:ae:db:32:d5:c2,GFCM,4,-92,32.170756655818515,34.81134200550574,28.224541140145234,2017-12-01 11:05:36
676,00:30:4f:82:7b:30,WR,11,-89,32.16921657591955,34.8119993015223,30.246080183177586,2017-12-01 10:59:56
677,54:b8:0a:34:78:d0,Shani - Green,6,-88,32.17153242999999,34.81172407,30.999999999999996,2017-12-01 11:05:03
678,c4:12:f5:f4:82:42,Beni,9,-71,32.17087727961227,34.81364358923606,34.50672289136007,2017-12-01 10:58:17
679,1c:b9:c4:14:2c:38,Ariel_University,6,-70,32.10279104877169,35.20982391187748,700.6331591877972,2017-12-03 08:42:05
680,10:fe:ed:74:fc:46,Alpha125,1,-90,32.16940682738753,34.81074521185046,30.70296733440115,2017-12-01 10:51:08
681,1c:b9:c4:96:1d:77,,44,-85,32.103788912808305,35.20952934925415,710.6197694530799,2017-12-03 08:50:20
682,1c:b9:c4:94:2f:67,,36,-84,32.10293474085022,35.20878314332855,707.5299710413922,2017-12-03 08:50:36
683,7c:03:4c:fe:f6:68,evanson,1,-80,32.16935940800852,34.81072496254775,29.763062983319177,2017-12-01 10:51:56
684,70:5a:0f:57:04:17,DIRECT-B1-HP DeskJet 3830 series,11,-74,32.104702183855736,35.209975131426745,687.0,2017-12-03 08:45:10
685,1c:b9:c4:96:cd:17,,36,-89,32.105448644069995,35.21192983211315,691.5885470680463,2017-12-03 08:39:34
686,f8:ab:05:e9:6d:3d,yotam17,10,-75,32.17112535132042,34.813187340526554,34.33181348318674,2017-12-01 10:45:53
687,90:8d:78:54:d9:69,Ab,10,-95,32.1696487,34.81343376,35.0,2017-12-01 10:57:55
688,30:e1:71:0f:a2:49,DIRECT-47-HP DeskJet 3630 series,6,-79,32.10265231246037,35.209874314591495,698.7936487595296,2017-12-03 08:42:05
689,00:78:9e:fa:3b:62,geller,11,-90,32.17020133019261,34.81244902955075,37.480587399866685,2017-12-01 10:45:38
690,c4:e9:84:83:1a:0a,sirocco_2.4o,11,-79,32.17108293399263,34.81298255408475,33.225066651488184,2017-12-01 10:45:50
691,80:1f:02:36:04:d0,arama,11,-67,32.16974128422667,34.812428967313515,33.482942034941466,2017-12-01 10:45:29
692,b2:6c:ac:a0:7b:4d,magneto,11,-63,32.104732125869496,35.20999833380823,694.9662566501792,2017-12-03 08:39:01
693,1c:b9:c4:95:ed:b7,,48,-92,32.103422735825944,35.2097119010955,704.24502290678,2017-12-03 09:03:10
694,f8:e9:03:12:ef:3c,ShapeDo-5GHz,60,-75,32.10456801210062,35.209679316065845,689.8684136221324,2017-12-03 08:40:58
695,f8:e9:03:12:ef:3b,ShapeDo,6,-67,32.10477209848867,35.20959198198432,689.4143706947036,2017-12-03 08:40:58
696,ec:8c:a2:08:a4:5c,LRWN,52,-69,32.16877222,34.81164041,36.0,2017-12-01 10:45:11
697,52:0d:7f:83:6c:ff,Bezeq Free 836CFE,11,-90,32.1696487,34.81343376,34.99999999999999,2017-12-01 10:57:55
698,ec:8c:a2:08:a9:3c,Ariel_University,36,-75,32.10294522725105,35.20767327460505,691.0835484362619,2017-12-03 08:37:49
699,38:a2:8c:02:e7:6e,SAMSONIX ML_003,6,-91,32.10500248118355,35.210472263787054,692.7188464192928,2017-12-03 08:40:46
700,f8:d1:11:b1:92:93,iFOREX,6,-91,32.168881406149175,34.81057058716544,27.5643827071327,2017-12-01 10:56:58
701,1c:b9:c4:95:3d:67,,44,-88,32.10263051540787,35.21002970756891,712.9572535195944,2017-12-03 08:46:31
702,8c:0c:90:2f:36:58,Ariel_University,1,-71,32.104771721812575,35.21001197689166,701.0490266501248,2017-12-03 08:40:52
